"","Assoc","Beta0","Beta1","Sigma","A11","A22","SE0","SE1","SEy","Time"
"1",0.56591005027286,-0.215833693292936,0.329856972881666,0.497759403519735,0.541998876742778,0.296978359850069,0.0419393711869196,0.0287853387995758,0.0870101102887371,7.51311588287354
"2",0.699726266609983,-0.153874093460895,0.318405045184878,0.512645751214691,0.458425599812024,0.291202194032916,0.0383651969379029,0.0279223748249586,0.104093994156743,7.27631711959839
"3",0.514319041265903,-0.209478572939371,0.321538432934173,0.495162890438371,0.470511729887701,0.299398107512703,0.0383887592640365,0.0290939031033389,0.0975426290927399,7.82428789138794
"4",0.625673860054684,-0.183378336159241,0.263345439981131,0.497625343982314,0.464593765857149,0.325669247796319,0.0379803804574177,0.0295835434018692,0.104363990116859,6.63774609565735
"5",0.548289642754453,-0.213917899269931,0.286822737827413,0.504402798887593,0.485313898107643,0.277063365697471,0.039466339151721,0.026462857148618,0.0899957280983887,6.40816187858582
"6",0.71484033963011,-0.214151550255582,0.293680493233498,0.488289276091894,0.487225626951789,0.291616279789682,0.0387416357554047,0.027666089823382,0.11285157665383,6.92426609992981
"7",0.567549517957636,-0.268425569974275,0.30735144491078,0.499267085811581,0.490693736132651,0.291437476822716,0.039569217444706,0.0280844437788182,0.0922538145302516,6.80066990852356
"8",0.576057494573224,-0.25903093833292,0.247819298559484,0.511281847300185,0.518244043390971,0.347862015882029,0.0413656516635564,0.0321525897689965,0.0981868783390724,6.48013997077942
"9",0.568448045820878,-0.186395227829596,0.338032260903518,0.482097498335023,0.506044877897985,0.313558230954896,0.0398712243698222,0.028536579403448,0.0852338781777563,6.1832320690155
"10",0.595685224893202,-0.266064822190952,0.310709950954945,0.470749234966455,0.533602466655541,0.343475001281988,0.0409230776345354,0.0317031624897194,0.0954319205886203,8.68642902374268
"11",0.644763557254176,-0.116823741302707,0.185767445825275,0.525411947719545,0.468743233650456,0.249801985253742,0.0391228759041697,0.0245850720131847,0.130987257056722,7.0851001739502
"12",0.656959321380734,-0.243580855150952,0.362228307728367,0.500170234276772,0.525522528113196,0.317475028406014,0.0413695666407131,0.0304588060097239,0.106597517561694,8.65599322319031
"13",0.633081070241055,-0.211439186605316,0.307900834346322,0.502609156247114,0.477337645756305,0.268062833713129,0.0387658897620413,0.0273736854847156,0.102982208446132,8.53474593162537
"14",0.470428402794267,-0.22742232646059,0.281878467205031,0.476661395301466,0.539630625994248,0.309528493738589,0.0414532201456347,0.0286070201918225,0.0892429592040477,6.28636407852173
"15",0.575156207809797,-0.214347248734131,0.284760862464323,0.500922675086381,0.519030790621595,0.284750552970833,0.0412143246209538,0.028110706424248,0.0886586007438771,6.96809005737305
"16",0.529290879040304,-0.220556962359563,0.288686917769522,0.510290618476874,0.55281309384168,0.280030154514633,0.0432495241024803,0.0279958408768058,0.0951561736921211,6.67706799507141
"17",0.586497086327041,-0.144558716712709,0.300172502187946,0.513012525743125,0.502176039915016,0.296321229771771,0.040696514240409,0.0307510705559706,0.109957226041301,10.7708938121796
"18",0.603532751172844,-0.22256357213165,0.278440021242293,0.496736156394783,0.563124954016409,0.233279282272968,0.0427917744846182,0.022776878660875,0.0902600386579189,6.76557421684265
"19",0.44004723705473,-0.0823227621270188,0.285945657794261,0.494903148801205,0.522155430933878,0.290121036921347,0.04070447488077,0.0286825659002369,0.096292677044876,7.32036280632019
"20",0.448905782728032,-0.166624821694609,0.236601922242895,0.494961836500593,0.480960491156093,0.277570665060753,0.0387914585905891,0.0272310342261587,0.108768479121489,8.04149317741394
"21",0.510267279846932,-0.238882291545041,0.24437289682593,0.502140388138229,0.539371293729459,0.283098843594914,0.0419197006813507,0.028212881626133,0.085550307960917,7.36589789390564
"22",0.731410827735937,-0.132185368140218,0.301082820441667,0.500808094771031,0.475335143610133,0.318038470775439,0.0388581775678357,0.0300328657516012,0.107379303388088,8.40112018585205
"23",0.607866475714374,-0.177026592464423,0.312042580014818,0.513991514465123,0.491471755061334,0.300610359678055,0.0399245820165297,0.0274370344281974,0.110989396663472,7.36384105682373
"24",0.795396893610983,-0.246201572597651,0.358255324062207,0.515917292565844,0.566665860844936,0.287111518194919,0.0439470605156949,0.0285184296687242,0.116999413020806,7.9902548789978
"25",0.59536250573122,-0.149887364542137,0.278604280122453,0.503678872736756,0.583561529135797,0.292462905475321,0.0445694681007798,0.0294144413885781,0.104033742355787,7.1622998714447
"26",0.522482703913093,-0.228411099776679,0.261443936190065,0.512313187237442,0.469234931366378,0.283185894035084,0.0387940502835363,0.0273934831309796,0.0959498627634216,6.92901396751404
"27",0.537896148027453,-0.209562069896266,0.321218333301042,0.514804335662663,0.58093250586872,0.29734192833964,0.0447893079129074,0.0304163644260331,0.111334223016186,6.704421043396
"28",0.626151021747625,-0.241358286211958,0.306732395280749,0.480172165692781,0.46489482175534,0.335317874788358,0.0377539352662597,0.0309098346333161,0.0944464805143547,7.13510680198669
"29",0.549362330052777,-0.184941929581334,0.252888434532794,0.506197804329217,0.520804673348058,0.296226946285271,0.0410261646656176,0.0278375537837647,0.0944173277075381,7.24429202079773
"30",0.751650373130208,-0.195410804389859,0.291665505494983,0.507909506723295,0.430164755727996,0.309025477878775,0.0366688665251851,0.0286746804918317,0.119369055498195,9.10599803924561
"31",0.796847777932597,-0.227905230638361,0.330523342080085,0.518047147140457,0.5055520905514,0.296364406550735,0.0405984517003224,0.028059688929559,0.0992392500261334,9.13187289237976
"32",0.55550003708416,-0.2106841547753,0.308531267114942,0.497848021634609,0.495469437329491,0.297751806815795,0.0397342614567716,0.029065320336482,0.103351872060777,7.92395687103271
"33",0.623487159080081,-0.254208705291204,0.277846354876268,0.486462783877251,0.544723215586922,0.286586264718206,0.0416551105367862,0.0266796621782593,0.101692146425852,7.44853091239929
"34",0.659482729596248,-0.184486816694069,0.299486004279759,0.474164766614885,0.499118691141691,0.316888985921237,0.0390821620818526,0.0290615487513225,0.102055216042266,7.47844576835632
"35",0.489229892347152,-0.207346149773502,0.308785714011904,0.514890608640364,0.50363099635439,0.303851126784739,0.0408519393069635,0.0301500978843123,0.0886468537437765,7.11350202560425
"36",0.55468046932227,-0.211598828250266,0.297618290704362,0.497725157135576,0.491258210658522,0.337965322997744,0.0393205849783548,0.0310874413339921,0.08793091049362,8.04586410522461
"37",0.692657579491686,-0.229465594573067,0.320042949621948,0.467372952155527,0.491726711030707,0.336741848385874,0.0389806588478431,0.0312714544613064,0.106184154230672,8.99839210510254
"38",0.60983816267645,-0.292647878088479,0.329340745370038,0.515836165471877,0.477487821537418,0.306769112774129,0.0396777306880031,0.0294156803550689,0.113251360537648,9.00188207626343
"39",0.626054121773388,-0.162749774451368,0.322610412335638,0.511033049379613,0.558399917737331,0.274615681912996,0.0430300432531269,0.0271459717390718,0.100408660516488,7.92276000976562
"40",0.471875151799093,-0.216763661292295,0.274625393592301,0.474470965621336,0.47400196838569,0.306910441926306,0.0378747196998183,0.0289285259144589,0.102133954179508,6.63936805725098
"41",0.42515143246624,-0.177192325597177,0.309583323452596,0.491955006899986,0.526407639964696,0.290944152405884,0.0412056737594587,0.0277849693268162,0.101804101186008,6.52568888664246
"42",0.686296967653835,-0.230024059301013,0.31947508244437,0.49629084324395,0.523086181883191,0.304419773945627,0.0411396996756542,0.0316272604338882,0.124882697960308,8.43183708190918
"43",0.570684955676742,-0.176864827549791,0.280915625618226,0.47759104113524,0.495437718762889,0.318670210610484,0.0391883737415037,0.0285319366326846,0.0962168931743766,7.27830910682678
"44",0.638695912035829,-0.253822252269895,0.301936427578052,0.500479672322667,0.505860850787578,0.291804172320641,0.0405711049306309,0.0288210012923284,0.0967364077055255,8.70835900306702
"45",0.698206453007152,-0.139021238582111,0.248805899754349,0.474563357277969,0.465601862009911,0.318564942452661,0.0376105819827737,0.0303760942331338,0.0998399933169852,7.80990219116211
"46",0.403620180791307,-0.193336892476954,0.279216190509182,0.472196705773107,0.499339193621129,0.290637968860624,0.0393463992696938,0.0297348075135185,0.0906965180045083,5.89479398727417
"47",0.707894575075434,-0.200604806921273,0.292210977220356,0.502124244048634,0.575109473505963,0.289321231254737,0.0438102623273213,0.0274258511529381,0.10755318556867,7.4095470905304
"48",0.50463742384053,-0.204825815460928,0.389192779058791,0.51650918002908,0.498851109633943,0.372329536013682,0.0410747973617891,0.0358263878273098,0.0892038277790777,7.12344002723694
"49",0.654091269786515,-0.134891551421827,0.307167534290733,0.515335054942483,0.43477293554237,0.292467228256044,0.0373594944633667,0.0285846131423497,0.11081952938367,9.74276900291443
"50",0.666274364544476,-0.107599317992419,0.262003714648059,0.477669930307118,0.508129505104654,0.27071186869562,0.0398262414766624,0.0265048934879505,0.129067423523313,9.52192902565002
"51",0.702263956381655,-0.155655100651969,0.310674281646744,0.493568826608042,0.477428652698756,0.273531973915172,0.0386004746330042,0.0270360037113812,0.114297468599268,8.75512194633484
"52",0.692567787558342,-0.155380470920538,0.311636625128965,0.515921196803501,0.459003805560678,0.281577201517677,0.0383332206881926,0.0292871634808162,0.116171456398974,8.98203301429749
"53",0.566495465910266,-0.225714449848579,0.290035432822312,0.502254178944429,0.526859733456642,0.3195959676588,0.041427947196765,0.0306444064770103,0.0909231134960538,8.77454590797424
"54",0.658126182459462,-0.200324346363685,0.25269029177888,0.498032890703763,0.443034954482231,0.300792200189664,0.036978341843118,0.0297395219403606,0.111737828016582,8.02490305900574
"55",0.616225040274819,-0.263964616018526,0.288062078858532,0.49766127051623,0.48459809827018,0.254354371044731,0.0389686047354174,0.0252450574420283,0.11384038548014,6.93522095680237
"56",0.773097822172436,-0.188889626074875,0.264777528394508,0.498652649739896,0.449080432051663,0.296012137410543,0.0371077914931772,0.0270470880818308,0.114771399694266,7.86298894882202
"57",0.458841185034147,-0.213083571286603,0.242668416944412,0.516673649346291,0.474063851930987,0.251551367630164,0.0386733878084461,0.0256611550261712,0.094187511244375,7.06489396095276
"58",0.648420694679467,-0.267937653221283,0.340710922153235,0.499373205536534,0.486891821272683,0.287440933748263,0.0396630916974104,0.0287417456277908,0.116630333263438,8.44601488113403
"59",0.562020597418501,-0.133923361354497,0.272750865667885,0.527732779237809,0.483563376383688,0.254041863366394,0.0395777419738084,0.0258991586129878,0.120891207223273,7.9608941078186
"60",0.633201099057296,-0.15547229193264,0.363020186731254,0.511481214717743,0.514037098723345,0.292201384502785,0.0411035443135444,0.029023338869213,0.0926430816953111,7.00351595878601
"61",0.813610602057477,-0.192803053279647,0.316272517418927,0.539039629400897,0.459150529579421,0.30804292426365,0.0389732621542475,0.0303291766184251,0.117200366009289,8.33960509300232
"62",0.577551540038576,-0.246038669263155,0.313669920398836,0.494088842191036,0.462636791755964,0.298832800311045,0.0377399144577526,0.0291486485525195,0.0920892090048655,7.94208121299744
"63",0.65878612993475,-0.256549404687334,0.31687058224053,0.484518685527996,0.464761283377454,0.277520586166295,0.0375098981339528,0.0262640327528051,0.112171297688176,7.30003190040588
"64",0.776896524090898,-0.172592028231124,0.269430599295868,0.489290292442483,0.460249946564592,0.262003948523425,0.0374028847989846,0.0252372866415591,0.114912527207371,8.8605809211731
"65",0.599212892855214,-0.197834314816082,0.278039887716936,0.490083416340717,0.558712347118969,0.294107948642779,0.0427339005282053,0.0278189835228747,0.100771054890839,7.2792181968689
"66",0.669774841866289,-0.274028535449662,0.306143680916197,0.480464360134998,0.48411494858142,0.30206313503086,0.0388323786243233,0.0291774017403179,0.0962072994486034,7.53578281402588
"67",0.666605547336083,-0.150736824887951,0.318600211837884,0.494437124790485,0.494769658812387,0.286257943572262,0.0394504108282209,0.0277804323007439,0.0930944314729179,8.38594007492065
"68",0.631572029441885,-0.305871481408819,0.322833162749518,0.520574591790527,0.492127610257624,0.328027356385113,0.0399672015671236,0.0307169009333117,0.0982650555893809,7.57304406166077
"69",0.649327804527363,-0.210235186284578,0.292611727630337,0.503755100706269,0.478180208690301,0.328998140235702,0.0390121820567245,0.0309867463378859,0.0972683352094512,7.45261883735657
"70",0.530024487495411,-0.152325616831107,0.306524954229355,0.491497109952664,0.56436796818024,0.308948530141598,0.0432284589208057,0.0294119571849209,0.0951173120374528,7.18666481971741
"71",0.795639056657339,-0.207000894395507,0.3142943196502,0.501425473332081,0.47015330027445,0.282129232894159,0.0384828334722092,0.0269741144529339,0.114452778188795,7.72495007514954
"72",0.740382238819498,-0.182436763220346,0.324344523667381,0.535520256522019,0.43769726364353,0.30460459069144,0.0381448995680689,0.0310837809028885,0.118771321827334,10.3255100250244
"73",0.687100931234999,-0.248841204688075,0.33825482959567,0.487696767276357,0.477276367847089,0.317827510483336,0.0383975036215524,0.0307975608444424,0.101717256577939,8.65684080123901
"74",0.619377508369451,-0.195854770731885,0.297299805772321,0.51783801941434,0.553875685993355,0.309998540184226,0.0432377500562597,0.0305310328460854,0.0907787983216658,8.71915602684021
"75",0.456938114428216,-0.234838518811974,0.342399954773792,0.540584789174514,0.431029322152459,0.301383288141887,0.0386839366599598,0.0335922361586505,0.0916450051082599,7.78512811660767
"76",0.522133144378355,-0.0969296806635699,0.288718143689206,0.513977021879142,0.440519807713457,0.291731568054306,0.0371270038604316,0.027701640047232,0.0964723965156456,6.77031493186951
"77",0.512330891603879,-0.212111963928182,0.288237165223584,0.507600064139452,0.497968501368391,0.247309705199555,0.0405175614332144,0.0267699827984815,0.113737565484905,6.88019204139709
"78",0.696016711181391,-0.169153086802143,0.374129869511279,0.498149951191129,0.496964554934185,0.312147450851997,0.0399850829788292,0.0292315498663814,0.103415742343286,7.58628296852112
"79",0.572441940240789,-0.154345818547048,0.328235957622197,0.505030157113511,0.429077613917503,0.293226887863943,0.0363959738985223,0.0288855933806271,0.0949968219152723,7.9120180606842
"80",0.688894315849028,-0.247355033393035,0.277637297923623,0.485181075697292,0.523555643867322,0.315137339304977,0.0406170557720376,0.0287058423953417,0.0957635895674167,8.40274620056152
"81",0.57983971375186,-0.261755844840755,0.251372327669825,0.479072039264091,0.515745018273523,0.267376721744348,0.0402374664903819,0.0258302808050866,0.108001444691567,6.70291495323181
"82",0.764485685601777,-0.207386834553396,0.282875043602568,0.491253144413325,0.463566455671935,0.263317896935848,0.037758139548854,0.0266186418563069,0.111075686469216,8.45886588096619
"83",0.649633511150215,-0.252937671401743,0.285141488911651,0.48110224355121,0.468923974154273,0.289966698297171,0.0378260803665827,0.0283119399834718,0.109101154623874,8.57292103767395
"84",0.924728542664883,-0.19983329177666,0.306757323169729,0.497455878703827,0.525997806326141,0.283934077860807,0.0410953957124241,0.0274161096028528,0.115363078450061,10.3496091365814
"85",0.513095987874355,-0.222324301307572,0.325619032644344,0.491700662099688,0.482460653946556,0.251255823684738,0.0388462197348985,0.0255788866128145,0.117799426634179,7.30544590950012
"86",0.907267122472847,-0.17171143227263,0.304903025996919,0.521478744133169,0.421742540282793,0.32032809981231,0.0368390033991934,0.0313686192978818,0.133870515751946,10.3443570137024
"87",0.687283566291384,-0.229931578080463,0.269867477981076,0.489495516677384,0.524644825462955,0.293198352399785,0.0408723237747602,0.0286106625974708,0.108865856818767,6.96858906745911
"88",0.595158004517776,-0.178266171237653,0.304071066089451,0.478160481130043,0.534693613139592,0.331614727149841,0.0415450255678914,0.0304490098396573,0.0936731943881845,6.2148129940033
"89",0.580448382267569,-0.19617808091743,0.294666094535498,0.501703352085552,0.542569281294192,0.329674171435239,0.0425688601333496,0.030508431871062,0.093990265412827,6.84076905250549
"90",0.569753877748728,-0.236991250832909,0.32756923202842,0.512483038378152,0.512971782558812,0.291209644823617,0.0407698630380505,0.0279902523510305,0.0924159788211502,6.49546885490417
"91",0.685637079963446,-0.196957657346213,0.299224728430668,0.490035499440264,0.467273226522855,0.288162084211482,0.0381798744582795,0.0272858612768228,0.0934359296782369,6.80735397338867
"92",0.604914131564004,-0.180735787492621,0.362131722783475,0.483286378823277,0.532165463767801,0.340703137633016,0.041197747847661,0.0314478892383085,0.0946907066292754,7.5230770111084
"93",0.501670544142862,-0.199949784404171,0.257142137983985,0.518056105011324,0.466374002331831,0.301832913880039,0.0387409860141482,0.028745139309156,0.0920687089783508,6.51941204071045
"94",0.64324585811993,-0.195779607190817,0.29726836278501,0.501484126885185,0.550319189789883,0.303973740312696,0.0426048063882336,0.0283398690970772,0.0958230385951867,7.23557186126709
"95",0.48173909599263,-0.18297755510202,0.320376526009616,0.512150544825043,0.514386119357193,0.313482021903117,0.0409630536508055,0.0318751090343603,0.100893182035778,8.51978302001953
"96",0.906110039732942,-0.169986689325325,0.297504283130186,0.498142842768323,0.500061415798064,0.267216452258008,0.0397795839986527,0.0272303761301596,0.130966391226324,9.16582703590393
"97",0.54348329167405,-0.171132414305046,0.257822394318939,0.4920641469931,0.4815856679247,0.325507819304979,0.0388653986246359,0.0300537297263839,0.103019110029769,8.74778699874878
"98",0.600435630174056,-0.176051607557167,0.315963723783689,0.516346117340641,0.482879927111569,0.327723537683211,0.0394786660715944,0.0305704336000632,0.0975345431172476,7.15213894844055
"99",0.646119925665685,-0.181696087712456,0.320577369144091,0.455520936681707,0.444807452353785,0.336557087562181,0.0365096716398533,0.0327868789686586,0.106111595342961,7.33828496932983
"100",0.535322635486992,-0.230608882862097,0.272475166440966,0.488695263798657,0.462615904385633,0.290605884208397,0.0374081633881254,0.0269465269479688,0.0962874573941641,6.24865007400513
"101",0.584121294025272,-0.165514415789673,0.270116632513264,0.501076972471584,0.478113773290571,0.243549237426572,0.0385048950547776,0.0253733366691096,0.0981722664468717,8.51731300354004
"102",0.798793830108537,-0.169398305655025,0.333100638088609,0.511424402140955,0.452606002344744,0.258173957387645,0.0381031963953985,0.0263470001370894,0.10863725085591,9.02962589263916
"103",0.751159870565796,-0.249014641390382,0.364851781567655,0.522190954867312,0.536314470732073,0.330053955790539,0.0426709391809777,0.0313870032632858,0.0977972562506943,7.75227808952332
"104",0.574290054007933,-0.152627467650982,0.341468717596508,0.472796591507187,0.541367434526001,0.276510999780033,0.0414384780645699,0.0266506549332181,0.0959858953294512,6.44057607650757
"105",0.451807309556359,-0.232980964406952,0.305110176075857,0.499409974868156,0.528876273957819,0.303275313811057,0.0415550865916319,0.0295807393369197,0.0849367057072354,6.17451906204224
"106",0.698202242739446,-0.243041136513613,0.306214374717199,0.489111941761264,0.457039537591378,0.338176830876443,0.0374802123367209,0.0309678745647487,0.105699907788752,7.86078596115112
"107",0.629219888052343,-0.218702083275512,0.304953436489174,0.523101032546528,0.464920974273778,0.327086241242767,0.0389208209192854,0.0313143794106199,0.0941933103686718,8.0889720916748
"108",0.611225147116527,-0.154028077945398,0.297916929240544,0.506744086185833,0.421333081986922,0.308557940266942,0.0364543177264844,0.0308617561148783,0.094061206184597,8.36532211303711
"109",0.578615085789945,-0.17137496440151,0.261235993714952,0.484154716568082,0.549266469320703,0.301558680333226,0.0420074933829116,0.0281313691275301,0.0951419256753117,6.37253093719482
"110",0.592646850822677,-0.177328077244242,0.310499176114084,0.475489458367732,0.502218764469927,0.325194569207212,0.0394403173933774,0.0296509433866703,0.0851434382928753,7.63887000083923
"111",0.535730241083133,-0.186695103977,0.279675452549069,0.498624567388661,0.517814532378393,0.2962879890978,0.04122645667593,0.0290300498304374,0.0872508822903194,6.66014385223389
"112",0.635815254387198,-0.186121371906052,0.254216209257538,0.488086818387683,0.493360435196896,0.279234245530067,0.0392497815855554,0.0266041903533276,0.0945912746584194,6.85904097557068
"113",0.561839748698816,-0.215262586733746,0.316821177739224,0.506607900166991,0.469034551974587,0.295605147805038,0.0390505130932312,0.0306190786417723,0.106031575710933,7.57260894775391
"114",0.674486450153569,-0.20728787450236,0.326840789893641,0.503812134968366,0.489446236603289,0.299178406780214,0.0399430033473968,0.0304585496334448,0.106742126285222,8.68080401420593
"115",0.652052034242138,-0.177052680407253,0.309428459993958,0.460961037280924,0.584310456581733,0.303994999979396,0.0435223274386565,0.0283139779688747,0.095857892304654,6.79198098182678
"116",0.557185660613254,-0.207597248923163,0.260525116744114,0.495180378060376,0.479961428655504,0.263351317882123,0.0388752571069796,0.0271868033546819,0.102719692228306,7.39707088470459
"117",0.406015629350736,-0.2257508623364,0.231578103449978,0.493499924106595,0.493619380388556,0.32528242404598,0.0393576508119044,0.0300449035172238,0.0868114982097152,5.25098395347595
"118",0.457893200041043,-0.183026653952236,0.284269700329522,0.526475179712634,0.518236990115031,0.269256198771218,0.0417287427328624,0.0275389556049282,0.0915357575282924,6.74148797988892
"119",0.666470784164617,-0.191845312455801,0.262801992150244,0.515785410457688,0.555037474372814,0.25236416408865,0.0431937206209509,0.0265402411112256,0.106414648021598,6.76039290428162
"120",0.71569184951672,-0.184006537189094,0.268658806230033,0.487520668553161,0.569017046135213,0.259509103912327,0.0431771092257218,0.025788065418538,0.110373993287214,6.86735987663269
"121",0.584583225852178,-0.216963235674781,0.273928987095061,0.513746035194116,0.493774333569629,0.226626004459995,0.0399079175623062,0.0240255196945958,0.124935832886335,7.34425282478333
"122",0.525391824509942,-0.133676741376266,0.296533174664632,0.507663579593519,0.513527679304456,0.283455740795814,0.0408300961600601,0.028278348781378,0.0950753756644609,6.46413898468018
"123",0.830385841287109,-0.171190117477669,0.335719247451181,0.486847006176106,0.475383811029032,0.346995169115531,0.0383690012432397,0.0315534664284436,0.113838679734183,10.9815480709076
"124",0.551564776609065,-0.195089084547629,0.383792862236992,0.483492349546538,0.572624975085276,0.348565152332761,0.0433863395665345,0.0313192968658469,0.0793078925022978,6.91717910766602
"125",0.757907154875987,-0.185233923017421,0.286843500798802,0.54147096789589,0.46629055331283,0.250568358225762,0.0393364188905691,0.0267862078660069,0.138443886398249,7.89719390869141
"126",0.690321818867043,-0.307333574724174,0.296959096040617,0.486259224622263,0.52157470149794,0.25913305584877,0.040302242355901,0.0249904712466381,0.102268212542587,8.03042197227478
"127",0.621935875835567,-0.211478100690838,0.312856124602509,0.512727607608071,0.507341393023751,0.362121515273837,0.0404880307984033,0.0319247592077461,0.0890867189330065,6.31293797492981
"128",0.405784989725155,-0.200562383920285,0.326348858439732,0.503353196445601,0.556031613227975,0.285990669725611,0.0427785125445385,0.0270791285927682,0.0903035988163336,5.73976898193359
"129",0.567008316722097,-0.180437210044416,0.34102401434255,0.50096833554261,0.524491250733542,0.28960289139001,0.0410151371711701,0.027435715795632,0.0802601970138094,6.53698492050171
"130",0.655793826558065,-0.253663266238394,0.266621383862837,0.504459637591489,0.499430767539664,0.274958218135624,0.0395570890669332,0.0261924098798422,0.102460625919885,6.74437594413757
"131",0.470826010324521,-0.161987478778019,0.27550727612353,0.501958469406573,0.486662915140337,0.276056265496893,0.0394776544181637,0.0263796788342171,0.0896083609302014,6.11568403244019
"132",0.721334060657095,-0.227580866690057,0.283661789058082,0.512284958095221,0.490481661332596,0.31001397421032,0.0397893678609178,0.0291592320103627,0.106143120780852,7.46889209747314
"133",0.779996789225435,-0.232816427737524,0.265283859160557,0.506332457922369,0.425482721797112,0.280928602690338,0.0365705569550975,0.0289639125602308,0.122016424557091,9.84024786949158
"134",0.585135778559941,-0.175677564596047,0.288627376804398,0.50470612426591,0.480155297862446,0.288748139912364,0.0391903273121589,0.0276189676280542,0.093009776437013,6.81670999526978
"135",0.743928593436058,-0.216758201498369,0.337837698818083,0.506979579646915,0.479134714849741,0.314373377278948,0.0392757091395163,0.0299156645818757,0.122979991354885,9.14394092559814
"136",0.618931254632116,-0.235742681620834,0.330413679781108,0.510795538488212,0.515548343181391,0.317610267618216,0.0409960543192669,0.0290139256324686,0.0970378071734253,7.59519195556641
"137",0.588817043172181,-0.244893931629526,0.324509258163321,0.524454636273567,0.460852628414174,0.34287208738017,0.0387352880285185,0.030914411077333,0.0867164878891658,7.2858099937439
"138",0.690989356978329,-0.229072055813632,0.293025473656479,0.518946591906943,0.453812579831181,0.30791277865026,0.0379501295387602,0.030076628333188,0.116235698613211,8.3080940246582
"139",0.547069534613492,-0.269488110457383,0.288493977774646,0.496238836342767,0.503640352668916,0.289846220010139,0.0398892807423724,0.0275655183571368,0.0937660313302229,6.68104195594788
"140",0.514447230376368,-0.205337862732595,0.266351634164387,0.512809916180742,0.469271723325483,0.269191195345555,0.0382945172670539,0.0265065604150439,0.101253401319562,7.07689905166626
"141",0.65655346269325,-0.227851128683573,0.281539207318916,0.492548749581965,0.507563835987803,0.282093168415748,0.0402185866658378,0.0273627881377613,0.100453528179839,7.68039703369141
"142",0.673898228229207,-0.134411555287752,0.268328812559711,0.508192422360256,0.522805439630437,0.311791017110221,0.041469785952956,0.0295953304460392,0.0998009195652136,8.40103006362915
"143",0.485236645346174,-0.20255930817852,0.288778503456258,0.50298371872606,0.553098102968196,0.269297740885895,0.0425929860989682,0.0261802268248918,0.0988031127554178,6.78317189216614
"144",0.537472143050743,-0.195722700421705,0.308376787211392,0.491102433491424,0.490191702082749,0.309938309314393,0.0393011983533562,0.0286923294132726,0.0851574225798749,6.9135320186615
"145",0.51218173132984,-0.262577779804411,0.316555908895471,0.502862486526104,0.496335261517373,0.311631582602943,0.0399211756064751,0.029544235195209,0.090636376431526,7.12136793136597
"146",0.816333845402578,-0.211375742988851,0.345424781740658,0.498894886851351,0.505698338455966,0.305212784932489,0.0405214107031005,0.0277433748797179,0.121151371383223,9.76085209846497
"147",0.690955958776592,-0.233900551126548,0.346661189905523,0.480460070310388,0.490992180010749,0.301306523013706,0.0386247408847777,0.0269785854166208,0.0909911572613991,7.69540214538574
"148",0.69120109462381,-0.237330172297008,0.334868919486725,0.501759158858379,0.484780877424691,0.293641529142826,0.0392788116811764,0.0283420427572896,0.099062897878768,8.13095498085022
"149",0.723753204760474,-0.174294368939334,0.28916122382069,0.485069114011813,0.499732331300482,0.319958147586504,0.0393503296613991,0.0292179946724974,0.116792611478603,7.51845288276672
"150",0.574951886244161,-0.222204532699632,0.346109044359598,0.490924209122298,0.481040516081004,0.303660207150368,0.0386362229093824,0.0306820023440184,0.10356332506349,7.85808610916138
"151",0.555854674940624,-0.254823094448979,0.337070071594424,0.523733738714752,0.466568906625281,0.315538593230514,0.0393595321017638,0.0307579001446201,0.107945516722271,8.01414012908936
"152",0.511329004125828,-0.141070951775548,0.286587488917802,0.470244162947894,0.469361742256281,0.297436413737441,0.0376017115539227,0.0274836202697897,0.0942113792448174,6.1153519153595
"153",0.764460897952798,-0.174975081408235,0.347095688480134,0.518977297626666,0.581957452240895,0.29114550751457,0.0443372585107668,0.027523041504712,0.102671727776077,6.94523286819458
"154",0.749291582391483,-0.220836706108537,0.328809780350932,0.493783075936422,0.548045869350775,0.296917453917315,0.0423176395840297,0.0291799053881894,0.0944348104426391,7.42246389389038
"155",0.566250976920406,-0.190457688707128,0.306485844954919,0.498198693031338,0.463521308084551,0.26898446992616,0.0379416337452283,0.0272156440239967,0.0982353624451286,8.14855599403381
"156",0.732132437214216,-0.231661626079119,0.319953096187527,0.476344264080721,0.54848598097565,0.271554426101097,0.041777398212995,0.0253110451139089,0.110650372690923,7.52624702453613
"157",0.58340942164321,-0.152446711159369,0.271396243664944,0.49647474658903,0.50709748198508,0.341858742173231,0.0403880188270092,0.0316587824653388,0.094942404643072,7.18613004684448
"158",0.455884818601804,-0.188148689368401,0.285913166035208,0.487449442641497,0.449087069455827,0.280523254653766,0.037156593753782,0.0291677737257133,0.0985014698178159,7.55179381370544
"159",0.553972216964898,-0.196159027218849,0.288759201982064,0.519121734336482,0.485691307097647,0.296502709917737,0.0399604541259244,0.0293639367785636,0.110806312883184,7.75321316719055
"160",0.638442746102242,-0.286630516847524,0.312821615109182,0.476874195205393,0.494379357858146,0.332272972695432,0.0390477776934998,0.0305901729859917,0.096672939484221,7.61094093322754
"161",0.663693420839056,-0.153876903140403,0.278064848789915,0.504070886491412,0.57375435635957,0.305682791865342,0.0438108184858076,0.0285340895935415,0.10900810813624,6.80399394035339
"162",0.575989355516775,-0.193465549767536,0.307693544065324,0.503714502133401,0.436205749608112,0.324284324390199,0.036759410037866,0.0309886012511518,0.0855964598527336,7.19477891921997
"163",0.641012634207546,-0.216989295647017,0.30621754492997,0.500204936789922,0.518062747316837,0.312558972648457,0.0408701236620946,0.0302505056238521,0.0979329599978459,7.83139586448669
"164",0.646472772001992,-0.239355827813555,0.28413189194272,0.508026218903938,0.543933150946146,0.304400211320501,0.0423809824477172,0.0297095217412409,0.10552247348388,6.7156879901886
"165",0.671664159180258,-0.229417346344364,0.340159540297271,0.508863018755236,0.508281906389892,0.325305698509265,0.0407576678160075,0.032673393481567,0.104294635477289,8.0690598487854
"166",0.598757950336645,-0.17490625322471,0.278768242198871,0.524059784809433,0.528763291271656,0.324425147572571,0.0418261905828439,0.0297409272992714,0.0926344725249703,7.17522716522217
"167",0.462818572570547,-0.202786264041125,0.317531286796586,0.504136803119208,0.515581768095611,0.284741714961753,0.0411030844568693,0.0282596833994227,0.0946433053703741,7.19588685035706
"168",0.486548885576535,-0.209796443083839,0.279059192868905,0.51552959834211,0.544315084558626,0.30191764277623,0.0428543210772039,0.0293034371866012,0.0970006749277399,7.22247099876404
"169",0.505847955846357,-0.221629785076419,0.348055759365281,0.48200682190465,0.432161127013998,0.303823040333308,0.0362248973636623,0.0295953496280289,0.10074037901096,8.34241914749146
"170",0.559389980449388,-0.242547602210026,0.366715209079273,0.514050251995768,0.50003664242142,0.28585496885696,0.0406003076258105,0.0287399486557079,0.101538632141424,7.4444899559021
"171",0.500011509148991,-0.229998280591499,0.335138469763334,0.48575135489852,0.489546315811005,0.255970761817885,0.0391422250651939,0.0263487070523102,0.0989275574535577,6.77823686599731
"172",0.580627664756435,-0.249297678472042,0.273243590501653,0.508754271010093,0.451440708534538,0.280542700312046,0.0377577539222373,0.0268605690143077,0.0973994050060819,5.72418713569641
"173",0.638157123717741,-0.201226818582654,0.330554654043859,0.476896216241824,0.49563740841701,0.256518820685219,0.0391684371474624,0.0258820612179816,0.115323956104759,7.56276297569275
"174",0.508740465843029,-0.170734279530235,0.29630843379281,0.497285791844224,0.458125489388726,0.280203915840272,0.037988940009513,0.0279207537126832,0.105808756392147,6.21273183822632
"175",0.599917635116807,-0.194628604452328,0.285795228826055,0.52429153794704,0.521909144200483,0.30112959619837,0.0415730884485879,0.0291970027884095,0.0985519014926826,7.54833292961121
"176",0.64295236504081,-0.248273358506365,0.356432204284141,0.504882028768209,0.500752075474052,0.300282098829199,0.0401311701291699,0.0288169822637881,0.103864820002215,8.29351091384888
"177",0.696068935382503,-0.171518444466981,0.302558586121214,0.472123664738097,0.485403701925887,0.28576741626271,0.03835067109969,0.0260585398096403,0.108150169381699,8.51827502250671
"178",0.53763844480496,-0.205084330595883,0.295136737700633,0.495084203223583,0.47212891845242,0.290975766832229,0.0385928216513904,0.0286587733931344,0.0972194597377714,6.74127817153931
"179",0.478040301218061,-0.183117300963123,0.290271145751296,0.482861601953566,0.511613191133183,0.311775367125957,0.040337698345932,0.0289526468002198,0.0900956414289824,6.19598698616028
"180",0.705149326870506,-0.254166365036749,0.293769397861974,0.514842482379926,0.516886160034376,0.331172797005784,0.0416480535077122,0.0319642574460802,0.109952901795774,7.96030402183533
"181",0.585036652939481,-0.235070756822168,0.3517028333447,0.521352262619566,0.454670081769271,0.289274101224958,0.0385508811282995,0.0301024368438439,0.0962555906774237,9.28430080413818
"182",0.639942982373903,-0.187646402868345,0.320282148009003,0.498332081856008,0.54127663735714,0.314214334584744,0.0421859932740773,0.0290673115194481,0.087927818409602,7.31492805480957
"183",0.702048493769569,-0.135015915563324,0.262345037985419,0.516827457595501,0.474635333603295,0.289097588365329,0.0393158521863625,0.0273883175976481,0.118584853282723,11.9695408344269
"184",0.674938075608505,-0.19783087487353,0.323278594738037,0.492524687426382,0.531186833243819,0.290969794573124,0.0413811916625607,0.0275935115931928,0.101786601610281,13.2279508113861
"185",0.733449851713551,-0.148764273191085,0.269116087049191,0.490873852778712,0.409420668249181,0.327677241615945,0.0353694442724548,0.0306672594727296,0.121768103830431,9.00058507919312
"186",0.610263378995721,-0.188951593862658,0.326776014288706,0.497124976853336,0.500502069140467,0.250294505224086,0.0397244137253613,0.025667370972311,0.112530792956232,8.71384000778198
"187",0.667245245594639,-0.274981613472222,0.285157574622053,0.518207232047502,0.498708078262114,0.319386727073475,0.0405204510228008,0.0302653156896183,0.110789003074295,7.08794116973877
"188",0.703263687591476,-0.197888968018439,0.312115414742093,0.504745312482343,0.439839148139716,0.336472796861014,0.0371111352760055,0.0308304884816836,0.106913392272156,10.6498110294342
"189",0.692844195010523,-0.210722985143243,0.309768269046198,0.514989021045264,0.482544538557277,0.31111715299312,0.0396232062141656,0.0298366516374101,0.109232451103,8.91854500770569
"190",0.558146230431196,-0.165840729453803,0.303977560706843,0.502701165568029,0.515962624381538,0.273463012349249,0.0407326250965157,0.0263444920449041,0.102390376325049,9.81303811073303
"191",0.460778521923169,-0.233745661644915,0.329480791258629,0.474563743719344,0.461145004553281,0.333754957795424,0.0370905740211795,0.029907184885964,0.0849293766462092,9.98096799850464
"192",0.486842134561783,-0.161476403861426,0.264249737859079,0.520352753165956,0.497392113958173,0.328661001931383,0.0405905062679491,0.0303789940351523,0.0846037950358381,7.82973909378052
"193",0.610232569982793,-0.245354239405192,0.349595893380354,0.487666954596234,0.543443345433926,0.329344050423619,0.0420814158082515,0.0311035745859926,0.0995285119806544,8.39590692520142
"194",0.74380780764822,-0.220571737715886,0.323101162503816,0.517296282165201,0.537204202134516,0.318971684246801,0.0426240008086153,0.0317507803358913,0.0913279156456094,11.0627479553223
"195",0.572755856175835,-0.252683467204575,0.311100356058906,0.503661395492018,0.47194451794442,0.31975284742069,0.0389670784498473,0.0306259243411982,0.107952014488602,10.9111461639404
"196",0.727264010056628,-0.174998850094542,0.292051309085832,0.484717025939729,0.449049161253799,0.329844523628564,0.0369465064270949,0.0303175656858166,0.105140447567941,7.43402099609375
"197",0.515763077855486,-0.2305741509199,0.278363307708264,0.505144226971169,0.517691114949978,0.304783770896331,0.0409937228853686,0.0295195088299414,0.0902342304463454,7.44481587409973
"198",0.65677729926822,-0.172064781870277,0.283611774982135,0.49110075777057,0.48620638838194,0.318949131847011,0.0387314228957488,0.0293990567611102,0.095506370168605,7.99000310897827
"199",0.700984199916361,-0.144808058771517,0.29625106677735,0.494405653357689,0.508103199993217,0.295799573874318,0.0403416180543975,0.0286923221822404,0.114305297030755,7.90024495124817
"200",0.731856464484584,-0.126845659512641,0.274239488810401,0.492446860221507,0.508112681441325,0.328091624392964,0.0402564317043147,0.0302387791562836,0.10718805583867,11.0442650318146
"201",0.673728724572401,-0.212923741177549,0.29535621580498,0.50189817703294,0.480338180754748,0.289201284036629,0.0388594953647435,0.0283806790962906,0.10840213878595,7.8637580871582
"202",0.472075269214585,-0.171118073937156,0.325374782641232,0.497763512821491,0.553030196061875,0.291768431860313,0.0425865742299422,0.0275989681145367,0.0964420783848742,7.65874886512756
"203",0.640425977197325,-0.195272190560903,0.253168045559834,0.495551109383685,0.483297146488206,0.321986122538066,0.0391708450997469,0.0308492409586778,0.0969027730806079,7.14474987983704
"204",0.724763062947345,-0.149651672441229,0.313856001865639,0.490634754183099,0.506036954108436,0.300799659970031,0.0402431982952881,0.0294334138021247,0.106858920177368,9.85546088218689
"205",0.598411324545476,-0.206618323775328,0.339845547474377,0.494812486846718,0.491534663022791,0.314262253067844,0.0392174074749732,0.0288952539817015,0.0890285115383807,8.4043881893158
"206",0.591090351857006,-0.214713008806539,0.297778837223851,0.50505555517298,0.481365599500756,0.311848640164166,0.0390134388424143,0.029566214984496,0.0871647248839632,7.54537510871887
"207",0.484672824555988,-0.255953039013716,0.277464819074031,0.498747279204297,0.469765508942694,0.311877541819493,0.0385423534144715,0.0297593300481164,0.0938273789088769,6.9343421459198
"208",0.664025505081409,-0.189579213854337,0.274728768471781,0.488465976321201,0.463762465638743,0.297051770843755,0.0377509559203034,0.0267152106508873,0.103609103257049,7.08102607727051
"209",0.466168721920188,-0.222079132930041,0.285371923290701,0.511100624772425,0.485125850169224,0.318603928417104,0.0394953824032086,0.0303219087939343,0.0947202838566749,7.3466010093689
"210",0.597262104457666,-0.202565652093279,0.326630937407969,0.524481842289933,0.509877912506635,0.290328739591541,0.0411669214792846,0.0283245173108534,0.0957699374529422,7.78099489212036
"211",0.507196464133517,-0.132306381540466,0.257149946912812,0.498559631650139,0.489769183428039,0.249079547578181,0.0394603345174058,0.0258213677254487,0.10807588497571,7.60180902481079
"212",0.52766042365365,-0.208894139205348,0.308384925257319,0.497873000352966,0.480145590292646,0.285722419433191,0.0386268158329044,0.0275845159470581,0.0849112546493796,6.65181112289429
"213",0.711910166973125,-0.135280112514955,0.29176847011042,0.508117483358072,0.463678707508704,0.29163411200705,0.0381093839754906,0.0281438911636481,0.111292197352155,8.55174899101257
"214",0.455142745095223,-0.137805823279287,0.262448637197818,0.513552914275655,0.530337904467913,0.303111877838903,0.0419930223319919,0.0295408158516712,0.0895201781574692,6.88625717163086
"215",0.646503361391832,-0.129247759451961,0.317909533817605,0.492111212453238,0.477529258204597,0.319418712476945,0.0387943688128347,0.0313966759098711,0.0979698998625314,8.45616292953491
"216",0.429235830626137,-0.179012782358376,0.338736513544595,0.488431078790295,0.448655110254024,0.293244012174528,0.0371399419316114,0.0283228708006871,0.0923806960841671,7.60000586509705
"217",0.536158264719976,-0.277152666410212,0.2882559321449,0.519667568540027,0.48836438304216,0.280923756903161,0.0401615226199734,0.0273976856061423,0.11018548278963,6.96078705787659
"218",0.585445978115272,-0.237961962089341,0.305331879944739,0.501453737730533,0.56136297120866,0.298306357060353,0.0435921637051896,0.028844872473683,0.0977538368959835,7.43791604042053
"219",0.66570969306327,-0.170654041824276,0.295758839545872,0.476637738875751,0.458933707881144,0.320377745590056,0.0370923921128943,0.0303315722578336,0.0973550489617575,8.47350311279297
"220",0.765990525254236,-0.187454255961269,0.329279599125076,0.482910944210506,0.519012736138939,0.296741469106456,0.040385519830179,0.0286947393670056,0.113087397940309,7.6962308883667
"221",0.764187735640686,-0.089235499329402,0.263819541064275,0.497226592126739,0.526143103391771,0.330368450031299,0.0412979430860945,0.0299771133451668,0.10504329120647,8.14667797088623
"222",0.615370674026922,-0.196702333886963,0.348889063182175,0.50644826468454,0.508404489628653,0.320900434128405,0.0407434149026717,0.0314435384540965,0.0917699526941494,9.77995896339417
"223",0.593009451675698,-0.208870628826184,0.28204312108084,0.501757482350003,0.51742495283322,0.35559369107028,0.0406066005096731,0.0315046581641215,0.0847277306943626,7.40996503829956
"224",0.509579012802455,-0.15264138747488,0.315058818127967,0.477339956662689,0.470043689948525,0.303846388307508,0.0378284638064702,0.03045371763259,0.105089090690278,7.73286199569702
"225",0.590527696745594,-0.258256042486132,0.375273293248115,0.529802022840802,0.480046770159757,0.305419218037298,0.0398564447243999,0.030190125400341,0.0938600345328054,8.19584703445435
"226",0.566172436797979,-0.222762970878663,0.31589564577189,0.504563743035665,0.466377728478991,0.350973235467443,0.0386369489995095,0.0331879148890497,0.0885633025663249,7.32079291343689
"227",0.446868600349386,-0.151018730340125,0.289101834471609,0.510826635560545,0.459354565036743,0.336522506511661,0.0382736792774935,0.0314978765950921,0.0873818064840734,6.32933497428894
"228",0.651584913995704,-0.203721835484482,0.283102668722827,0.514965131155854,0.484046018487686,0.30036537136111,0.0392445728195786,0.0273511263227334,0.10431470899659,7.38984298706055
"229",0.712273708996406,-0.170637269576947,0.322559963989959,0.521346807554238,0.5102316455977,0.27018113435203,0.0410342445429626,0.0271469859853677,0.106545027986271,7.81511211395264
"230",0.794293211273201,-0.240590874436601,0.312778892654499,0.497915961947436,0.546075071032263,0.321430616080977,0.0425043797223477,0.0301925920998734,0.119401536191024,9.23106098175049
"231",0.536086918604465,-0.202419561441007,0.268131382652863,0.498759041513172,0.54298411861686,0.293633100036007,0.0426314831427802,0.0316197688209195,0.1081994190592,7.69140887260437
"232",0.501883904752425,-0.139792480004953,0.296550867882949,0.485775114657024,0.465679599970197,0.319566379486999,0.0383608452077024,0.0298768738719568,0.0909788419062541,6.31378221511841
"233",0.476693609099194,-0.170034633626139,0.263923562686849,0.493679612028153,0.473756465101775,0.292888932809892,0.0386971295624918,0.029717948699014,0.127161715673842,9.06600785255432
"234",0.695423495901291,-0.184383088902634,0.335786442908655,0.502358022911306,0.390838387976204,0.298069025699888,0.0348651317042848,0.0299349029690748,0.107853735173109,9.60005187988281
"235",0.564315636981777,-0.144757794658861,0.289809679632646,0.496207736617056,0.483533675191309,0.257839832023455,0.0391889408794298,0.0259864646577433,0.10470995955162,6.85819101333618
"236",0.560018410666369,-0.223554059754482,0.317078606391798,0.489508382758684,0.491384265179539,0.304677229635764,0.0392966590956986,0.0290822669859974,0.0899170826365982,6.59223389625549
"237",0.51999381125762,-0.218833028004971,0.304898079845862,0.512917203667021,0.520449054517648,0.286615461536716,0.0410738245885863,0.0274938876195999,0.108742271544102,7.4214780330658
"238",0.554223033352131,-0.190067161283792,0.328905955179347,0.52163029835672,0.51576871691513,0.296831335340859,0.0415697176619482,0.0282450138069603,0.0913950962907195,6.31899094581604
"239",0.553692572293485,-0.236197160795244,0.34389849957049,0.498984836983451,0.448174261896616,0.296348180606405,0.0371726374841917,0.0288000545860495,0.0946622843819844,7.4765191078186
"240",0.720496972821275,-0.215544108481179,0.308812648654081,0.477023932692877,0.446533368197319,0.268873213107985,0.0365916226767515,0.0270588236051167,0.124994135530662,6.85736393928528
"241",0.462245534353669,-0.266262783959611,0.277679170060821,0.52047047710987,0.460537979618816,0.268916200234207,0.0384117773778732,0.0265495235280406,0.109260373862274,6.56238913536072
"242",0.557408979102453,-0.238037821748623,0.263801330383273,0.497213930331947,0.519574370830391,0.303346719557503,0.0409043484844731,0.0287837569576935,0.103888727637166,6.58345890045166
"243",0.658481086795339,-0.243463168876806,0.26623364674119,0.521969491173859,0.509910772659563,0.270862521934896,0.0409075572419916,0.0261428714316174,0.104750288614992,7.94076013565063
"244",0.733634902355107,-0.220626934169225,0.30731008170964,0.505115774192758,0.566336972316245,0.266998944852533,0.0434315504147568,0.0275391262085741,0.111491088505591,7.69692397117615
"245",0.53238195700569,-0.264485224121422,0.340183190989803,0.507489056003189,0.496616092869018,0.298945112708527,0.0398983511738076,0.0285576648467825,0.0846456512564181,6.98441910743713
"246",0.583657599185953,-0.110779921366796,0.313950308447525,0.515025391398344,0.495287825198686,0.288145086190367,0.0404471693973974,0.0291511632372001,0.101109160037525,8.29995107650757
"247",0.666035845749805,-0.191362463742588,0.293677791670983,0.48821152802747,0.472122820287793,0.272087869420359,0.0380967524975806,0.0270926450152343,0.0976953752243334,8.13121008872986
"248",0.542770540621893,-0.218035459768391,0.312044675373683,0.534753268648224,0.480984783222363,0.295750202519533,0.0399659151193967,0.0287673269181525,0.0914736511699415,7.32433581352234
"249",0.732144126197535,-0.190195244677977,0.313824722011771,0.489674219968719,0.563411067148166,0.269504405595442,0.0431184254175404,0.0267622951198136,0.114227630549196,8.26116299629211
"250",0.65989975639693,-0.189766467937331,0.301509282441004,0.497311604610937,0.405959189278252,0.288846379391394,0.0351673231877931,0.0276116645746133,0.107395965299764,8.07172703742981
"251",0.739668758134282,-0.260032504458929,0.336245988088758,0.52238245053832,0.511772768656309,0.296251849992038,0.0412731562648799,0.0283349778785931,0.110680839662187,7.53568410873413
"252",0.529300110262539,-0.18678766205265,0.30430041080279,0.482122526018144,0.457546100289153,0.323931459538575,0.0375105665011604,0.03094194321371,0.0869311740774425,7.19227814674377
"253",0.469121069930175,-0.224403105434776,0.255691199177625,0.494719417333837,0.53335836579331,0.315801448639727,0.0418807748199665,0.0299787547234455,0.095600289677002,6.81321692466736
"254",0.565755701001317,-0.147680704045028,0.343221140878991,0.527602575297413,0.419715118866767,0.278558649199179,0.0365896723325088,0.0287083152087728,0.110219303615733,10.0296108722687
"255",0.597934583268654,-0.168478777410477,0.316064881020214,0.517518346660854,0.50632362443539,0.303081045034409,0.0406752520077688,0.0294727569523096,0.0981024583946863,9.06586813926697
"256",0.489193623550488,-0.19771337096729,0.299583151720649,0.492101582864049,0.54021635931146,0.296615006504403,0.0415340363203717,0.0283932742943557,0.100231811754656,6.47135186195374
"257",0.434203736943104,-0.142669486114323,0.322217831959692,0.502890384478973,0.510428887423753,0.300365344716779,0.0407584047040308,0.0295630819093251,0.0846256157177985,7.12624716758728
"258",0.638201096304051,-0.208760080317025,0.265704275372277,0.490530609262512,0.489966665734671,0.283883147447379,0.0391690613665838,0.0270702667179257,0.0977912648731435,8.7002260684967
"259",0.762136945442079,-0.154875837818536,0.27159938404539,0.518500791966656,0.446627371225613,0.322214003033087,0.0377534947149126,0.0298085894589974,0.113798580326472,7.68766784667969
"260",0.633196484422557,-0.220287161948358,0.305881111314834,0.501215493558502,0.468287936639272,0.283220750197398,0.0383261886936555,0.0273909294705609,0.0965152600792568,7.96719789505005
"261",0.519554313025919,-0.215766079211541,0.319839371597331,0.510370751115042,0.480733993244309,0.333277109163118,0.0395032454733725,0.0334328220679027,0.109671426599348,9.62809920310974
"262",0.707428787317299,-0.145149063884443,0.296008807027539,0.500835976960022,0.486908343279192,0.288221650012812,0.0392605106270726,0.0284650529551771,0.114082666944291,8.80049920082092
"263",0.527146752271546,-0.218489987999571,0.322573891861827,0.527393525162012,0.483027610470299,0.277059309398249,0.0398905151673648,0.0275876085057077,0.0887121354417346,7.26146697998047
"264",0.580024335075188,-0.193315656095714,0.232996286614459,0.484537522636969,0.548049898045497,0.318643347193562,0.0421439253616168,0.0293430809877382,0.108165446346958,7.77053689956665
"265",0.594538411243133,-0.142638050695054,0.348048157872443,0.494491483485648,0.52931111111301,0.321358314895985,0.0413739550677915,0.0300753390295083,0.0901163793966173,7.09446382522583
"266",0.716468010717947,-0.185177395262754,0.296698765205793,0.490643573878993,0.45929730448303,0.293041179017182,0.0376207258250705,0.0287451127382593,0.103585326091373,9.14561891555786
"267",0.517095036254187,-0.155315164183906,0.313339784875763,0.496750037900452,0.455021562998913,0.326439246963381,0.0374918615515919,0.0289293380724255,0.102071385131241,6.96901702880859
"268",0.507924053146773,-0.211236214283207,0.316733419828623,0.503554333952405,0.483934747863114,0.299002290979329,0.0390986244888013,0.0282749762756479,0.097631877966079,6.5398120880127
"269",0.618444939429224,-0.172527739355825,0.295844691544965,0.530668244434034,0.455478197781319,0.288357888766952,0.0386427720778442,0.0289785195439397,0.107032901364989,8.20375609397888
"270",0.63860725586254,-0.222259975455792,0.256778425646784,0.503899869996961,0.529615141584516,0.288142476617571,0.0417632019749287,0.0289064093152341,0.108248338908151,7.54456305503845
"271",0.462207875895129,-0.16745123501177,0.300768618571762,0.504724242911495,0.530498502106205,0.317914971076705,0.0420086935908051,0.0319650825623153,0.0946539357664146,7.17034411430359
"272",0.605745722893493,-0.20905755607136,0.30091229132413,0.508157180085721,0.583130619202783,0.32396201564968,0.0446360992357044,0.0302736404511086,0.0939668223785414,7.86535501480103
"273",0.640909353996461,-0.218137578455482,0.325391423996574,0.485600564271869,0.554885043922352,0.352745731601938,0.0425493252958878,0.0342124699151326,0.103299528910531,8.11839818954468
"274",0.517496561608261,-0.155205742049355,0.264843708696585,0.50083523094214,0.442645467329479,0.265950533185437,0.0371900035994903,0.0274137033570761,0.0985474093105362,7.35083389282227
"275",0.558649264734007,-0.1243878525316,0.281452672055431,0.500128215520632,0.540437109229446,0.303729362566175,0.0421237949701654,0.0296489861180692,0.0943973519878779,7.09672713279724
"276",0.623639989661223,-0.225033363560695,0.280569469745562,0.506090974411018,0.526924305127298,0.308782274883472,0.0419100350558338,0.0293800461256688,0.0915151955538454,7.457270860672
"277",0.535907173612048,-0.193504390820451,0.335345188378425,0.480544624036013,0.506722317688721,0.325525074208404,0.0398031125276296,0.0302487916157029,0.0944132821189962,6.99433398246765
"278",0.56239451456211,-0.218621744755115,0.286647722326586,0.520895938652907,0.487935918892015,0.316286900679875,0.0395621747623207,0.0299292680891374,0.0824194412175661,7.72415804862976
"279",0.644675888506116,-0.220739080378211,0.277502291601904,0.481225593792489,0.517159343403242,0.276671435478386,0.0404575379826844,0.0272945015277185,0.103659943531209,7.42538499832153
"280",0.77134732765275,-0.145813567773012,0.330040411643846,0.488859804290385,0.540203057562805,0.28284653412556,0.0417290980542755,0.02738094033352,0.105492327072942,8.68098211288452
"281",0.506119849012959,-0.241044360005057,0.321401197129816,0.491938566372528,0.483405382954023,0.293326640814446,0.0390783326682704,0.0288025039367616,0.0944901805218199,7.04555010795593
"282",0.723090024109822,-0.237141038456003,0.352660770475771,0.488829403772895,0.486215567947578,0.315815727337493,0.0389020859740493,0.0303593703767671,0.104775170470332,7.9088568687439
"283",0.590250028677922,-0.227606574268039,0.286606372998381,0.499328689850223,0.514749787904817,0.276733703786294,0.0404356599585599,0.0265715094732865,0.0897125782660084,6.51063799858093
"284",0.553998601342024,-0.18071022694675,0.301744427650773,0.47682722707684,0.539390629670499,0.305732870333488,0.0411062825581782,0.0276856980638394,0.0906613359659959,5.97707509994507
"285",0.713933689138848,-0.220817936917747,0.354320339285305,0.492833804587001,0.474102228157618,0.305535356176412,0.0387439887046724,0.030369293060763,0.107209237794265,9.52049708366394
"286",0.5789911494299,-0.240054969200687,0.308072387622957,0.524729916178849,0.470485032146987,0.283183144431109,0.0394118227888753,0.0280558787099372,0.112823296137634,7.26753497123718
"287",0.591948045469252,-0.199238969431586,0.311745000191612,0.493178850971149,0.432031406291532,0.331722989911055,0.0365722297407503,0.0311576286922953,0.0867160743632944,6.73095607757568
"288",0.728086498441258,-0.235336825658565,0.298978291101682,0.500175139539372,0.392206178032301,0.311881666944,0.0344449029399514,0.0292688922952352,0.106266732258307,8.46263813972473
"289",0.530245217616799,-0.150783858497857,0.325387182928653,0.492891663407054,0.490338630121188,0.308072928157262,0.0393600572651883,0.0291282167624675,0.108581269817671,6.40820908546448
"290",0.628482824518266,-0.25117471227962,0.32789650773307,0.506780945149007,0.502218163518858,0.332504820869635,0.0400562767163004,0.0302804525661228,0.0919360024779429,8.86598086357117
"291",0.61765710235647,-0.190654472916112,0.345669383692549,0.487206441105012,0.521064955300486,0.313453848744608,0.0408522152304818,0.0307809270884627,0.101818837220451,7.50365304946899
"292",0.565022554276062,-0.216349163670663,0.285795439203709,0.527536844766991,0.518768348822406,0.321769160525836,0.0419470748216806,0.0294216681676833,0.0880674964876728,6.58393001556396
"293",0.409607998771848,-0.202780296038739,0.269257494721773,0.467555711103396,0.513171474526988,0.31541428645914,0.0401919742781223,0.0302884110390658,0.0938922356973933,6.9268171787262
"294",0.711289431853666,-0.276918998200001,0.354097000545601,0.50436237071354,0.453710249250487,0.31371388036458,0.0376967957650513,0.0299102092888223,0.0989743492233194,8.14435291290283
"295",0.535146903816092,-0.283790757394903,0.299540097899602,0.491856171715873,0.468854393024691,0.314846706809921,0.0381195520831577,0.0294764127179433,0.103881651557069,8.88681602478027
"296",0.513590556318748,-0.236277281413155,0.316833430563277,0.489568516320839,0.529293696927041,0.313963092158058,0.0411328763060547,0.0288496135401823,0.0829366571683606,7.88302397727966
"297",0.705614789725321,-0.109960253207025,0.300989448289136,0.520037289939818,0.460490100786205,0.286556718586438,0.0384661486943217,0.0283441788206351,0.106022283813628,9.94933080673218
"298",0.713048241591001,-0.138861544437219,0.319069963359175,0.478139719213222,0.520010483487029,0.310266439581463,0.0404763461825949,0.0293605566852216,0.0889418889575691,8.65278387069702
"299",0.65068746963975,-0.211520206596292,0.284960750986554,0.504865440915876,0.529431405463541,0.340075095361108,0.0413978873213229,0.0298757648970691,0.0830385287012736,7.26340389251709
"300",0.666322872455868,-0.191228706534491,0.319050845757503,0.524780495399951,0.460995664984779,0.321022771189798,0.0387581390011926,0.0302725128002629,0.111527957528946,9.60650682449341
"301",0.783071988527793,-0.233153209180699,0.311325812121492,0.532360311963727,0.426642252688131,0.314678511516578,0.037227036888698,0.0287482301821288,0.11791710674431,8.55961918830872
"302",0.801452129232909,-0.19431824069308,0.285953661299905,0.483809123724972,0.499597659767699,0.2821641144893,0.0394596733782393,0.0277279822365829,0.128398267204292,7.95246005058289
"303",0.499084306963972,-0.232015130209662,0.311914114330573,0.484335670762235,0.491967706768279,0.329235801684184,0.0396750057126584,0.0312465211255383,0.0950503134922415,6.895015001297
"304",0.617409602487582,-0.23353287775872,0.321800252388349,0.493670490462267,0.556084613411126,0.284564452879138,0.0427783373704649,0.0282872315777728,0.108379201422542,7.75922989845276
"305",0.567342427321925,-0.134495830673789,0.27429046018188,0.504427093747983,0.427793381303605,0.327416254124683,0.0366627106256109,0.0308580214204431,0.095576417338183,8.2924439907074
"306",0.739100800826091,-0.138259164581252,0.327841837429043,0.515750400589009,0.507834305720938,0.294524037668782,0.0410229845957771,0.030548906355471,0.123737592024861,8.2635440826416
"307",0.655120954676259,-0.184007489100179,0.305861359427704,0.487134749200396,0.491065643272604,0.303339570511997,0.0391248219671716,0.0279711291629251,0.0957764559407556,7.5806450843811
"308",0.62129900747451,-0.201858288228166,0.268646147134134,0.499721020468774,0.502016790096685,0.305049185895542,0.0400558062314623,0.0281639496743356,0.0909509380256089,6.89917588233948
"309",0.473519238210925,-0.248371858652064,0.337130592851997,0.483305411166909,0.556392858130478,0.302849550523698,0.0422224258061302,0.0280615654240006,0.0775316474689705,6.42476797103882
"310",0.464023303881483,-0.202516874841711,0.295861325693291,0.506527844801116,0.516317373365543,0.292097333714668,0.0411978634293329,0.0280751696345524,0.109621839748108,6.55063915252686
"311",0.492164641084653,-0.185855703211745,0.230106317556261,0.508570345983164,0.500062389273464,0.273118919721834,0.0403820415679108,0.0292202348950548,0.11867102428977,8.00430393218994
"312",0.591948059512339,-0.203483695829576,0.331954623573217,0.502962146514563,0.513252179288195,0.293771945021665,0.0406783388963657,0.0282959912025038,0.0979585472844328,7.76322197914124
"313",0.596828537795989,-0.176236984420484,0.307167887143974,0.502991206325043,0.539513008028215,0.292920876486812,0.0422950310840821,0.0291573990093588,0.107839112737609,7.53835010528564
"314",0.580491249317741,-0.119931995819758,0.304721533718284,0.520913121163662,0.518642550161628,0.25898222767701,0.041611138661591,0.0267094882264899,0.0985631853302692,7.06199407577515
"315",0.705158912908112,-0.247239148017661,0.269729657639353,0.481978283055153,0.50192398183419,0.30722665110075,0.0398085766893679,0.0289846776499423,0.114275324022829,8.30577993392944
"316",0.438983648030186,-0.18294645262275,0.229172121729599,0.464081074386547,0.515210232228248,0.325365699709467,0.039903513402951,0.0290138704549203,0.0838842545967586,5.82281303405762
"317",0.723773945451612,-0.187269440852587,0.344261620237161,0.52522232939817,0.420759676578341,0.306125829984948,0.0371762145684957,0.0313080365785314,0.108705358267929,9.08529901504517
"318",0.647641009558346,-0.207084084235212,0.2924328664786,0.473316070382464,0.512181222469102,0.304279327029687,0.040003486649471,0.0295133049737377,0.101791684624903,8.34369897842407
"319",0.392023149475034,-0.187788257567808,0.289543333804687,0.494278782530946,0.50635612719282,0.260843877869314,0.040336623642073,0.0271398125311185,0.101298418697548,6.33804607391357
"320",0.506964064654858,-0.138437325254999,0.329305494393555,0.503647657215969,0.485796214051804,0.244223943620831,0.0390602041936408,0.0237489580628697,0.0858332251561635,6.48057198524475
"321",0.61105688331591,-0.191309266888969,0.292269613457478,0.493704868243272,0.523902666620809,0.300058096814374,0.0408350538730808,0.0270763814157255,0.105670684444506,5.8414249420166
"322",0.578586346039268,-0.202263498066817,0.283525818796873,0.4633360423585,0.468228339713451,0.355711935007445,0.0374674920698727,0.0316042951081951,0.0929134812006281,6.81781911849976
"323",0.596536017360307,-0.179755476675566,0.292561040298842,0.497439223065381,0.484163151993632,0.280351959713089,0.0391824650734687,0.0280647288421142,0.10895810997717,8.26924085617065
"324",0.691314372016921,-0.157112682905718,0.270084010198737,0.520689981000306,0.510821678002856,0.263651927283741,0.0410610993011363,0.0274523326318955,0.127461724429571,8.38043093681335
"325",0.504369555594445,-0.223065118769586,0.34919068286925,0.497877313977894,0.483436501691316,0.354139281732897,0.0394802426803451,0.0343704272862561,0.0809774725158787,6.59809398651123
"326",0.615789099685418,-0.181350843839852,0.296305677290832,0.48737390068028,0.490943952350257,0.324745195135313,0.039328105095211,0.0302294658364899,0.0997506608999754,7.45801901817322
"327",0.580505663920582,-0.181105547785877,0.274434233065388,0.496971592367186,0.494801952811806,0.32315624558269,0.0393439099655577,0.0290017053027809,0.0969847806817501,6.50134992599487
"328",0.442749001089813,-0.214913703518943,0.309612490835473,0.480922186361782,0.51109750446016,0.28734921710393,0.0399068293945075,0.0279178038461616,0.0828738804053671,6.20711708068848
"329",0.466760248621696,-0.250709296220941,0.310509088987759,0.506364126930295,0.521675092382679,0.299044209303322,0.0412549378187257,0.0289736843762229,0.091945448940712,6.50272011756897
"330",0.638735031754507,-0.229686179916501,0.369543539096026,0.519425905451405,0.493623195886542,0.303804099296169,0.0402332635905552,0.0293663662686911,0.0958366293074351,8.14657711982727
"331",0.46566446784011,-0.16853781459466,0.226721930224043,0.499333429402756,0.539895346995364,0.237457336978128,0.0421218430452499,0.0255213078159039,0.121156371011838,7.89606285095215
"332",0.761925485644062,-0.227607823221668,0.290719295899261,0.498653752261656,0.497103914547852,0.308068760984602,0.0398551105088417,0.0298047086331233,0.107908907965698,8.71799612045288
"333",0.62094413203469,-0.180474935574206,0.291438930352492,0.498742465439759,0.527116599815606,0.306218157513941,0.0412458878372726,0.0296300384307148,0.108995102681939,8.51490187644958
"334",0.568275029387061,-0.254199631179117,0.305652052450785,0.479498067433425,0.524788347575056,0.317955952677385,0.0405270655424898,0.0286453772334541,0.104803562076306,6.37126302719116
"335",0.5908852952741,-0.180024708479377,0.314407076982103,0.503143635665843,0.497317738329717,0.332507050673932,0.03988619418616,0.0320407481993875,0.0980102737585597,9.26303911209106
"336",0.574247322980943,-0.237524184812056,0.318502974686899,0.515006685842858,0.487832661004577,0.321808751317707,0.0397242227397931,0.0303593715887526,0.101021496920677,7.34657716751099
"337",0.549700849390857,-0.249420559167987,0.262709724106649,0.511176775031086,0.50045265717735,0.250878036568405,0.0403180591135313,0.025078125787639,0.104491224512313,6.89001679420471
"338",0.528962770937788,-0.245345394190459,0.299761100951399,0.500867051193999,0.511641310670623,0.291633612695476,0.0404583707991992,0.0272445208444364,0.102982594056199,6.38554286956787
"339",0.793530390047478,-0.202130124486496,0.299291714481032,0.501264980936803,0.471756497582894,0.275367584201036,0.038175600998709,0.0264245787997589,0.118523173066378,7.90724802017212
"340",0.611938872729294,-0.195554274235557,0.261278886565279,0.502667142091398,0.484991205361854,0.271670570239227,0.0391201032555831,0.0276094547768019,0.109364196440717,8.82712697982788
"341",0.62122203194026,-0.112871489924027,0.272177918271397,0.50568232340877,0.410027394860291,0.262452672059706,0.035518492916668,0.0266673067387825,0.112459077522073,7.30906510353088
"342",0.588275560939828,-0.26623509971898,0.305617069645124,0.514694544821364,0.490507231256119,0.29318761584537,0.0398758781362025,0.028347976683536,0.0902359800832164,7.21691083908081
"343",0.544225411615452,-0.202480136173376,0.283239068738911,0.49570809253037,0.425825880244023,0.289024581394374,0.0361421598084665,0.0276978636231685,0.107223727703152,6.4666907787323
"344",0.721246697728653,-0.226356510664139,0.308320752170534,0.46420084543698,0.523973407035741,0.279501323451881,0.0404352150367609,0.0275035534910364,0.105927010557475,7.85042095184326
"345",0.594776968790634,-0.178886235600344,0.269355700398592,0.471581211032496,0.489975121303423,0.283370915050523,0.0384870814607019,0.0274075868375014,0.101611423842695,7.86855506896973
"346",0.580406607948937,-0.222820096588817,0.307031848665407,0.482808952271918,0.494453293866651,0.319485266663771,0.0388401569360282,0.0293802571075634,0.0939044101335031,6.70962500572205
"347",0.777171851419339,-0.183415162940546,0.363287793335001,0.501668124683086,0.510704255160356,0.209745902733804,0.040851453131915,0.0235926692386892,0.138197388410336,8.02890682220459
"348",0.628570198411782,-0.20020220432165,0.337194276015227,0.493276238851379,0.4859192395983,0.260890601328625,0.0389395524440403,0.0262749105845918,0.110710795085688,7.54892110824585
"349",0.737216463361991,-0.246216721495024,0.315770119859237,0.4857830979141,0.460186418914622,0.308637912411839,0.0378835178895288,0.0293766686839626,0.109804359971261,8.64129400253296
"350",0.656394200863174,-0.202256300397327,0.302014195011315,0.51189489966372,0.455835207037,0.284833481175407,0.0381576537964826,0.0270976349398061,0.0963334693254066,7.58825182914734
"351",0.546609767672411,-0.194274700660229,0.300975912622843,0.489073737425882,0.482775502350161,0.31982697515527,0.0387646244582713,0.029370414892938,0.0874659737109992,6.32998490333557
"352",0.707927740768788,-0.20443374740879,0.28708745903199,0.515411802880267,0.561453909024231,0.273075429187388,0.0436976086055659,0.0276136004086743,0.116766851947484,7.91017818450928
"353",0.483795788871887,-0.139321116991644,0.279380859936615,0.512967288855959,0.445128410230303,0.285188600010112,0.0376395646459413,0.0279008068903861,0.0909363216673261,6.98795509338379
"354",0.672181108630549,-0.245998525604557,0.310323787159996,0.494037104343226,0.537544570550556,0.324174943790527,0.0417096283165802,0.0299188151045023,0.0991181525506075,6.75299096107483
"355",0.641152052813112,-0.196325791828195,0.347348854467257,0.498037997990227,0.526174978423486,0.266614908020466,0.0410819003814804,0.0259938235844303,0.0943729302217668,7.33909606933594
"356",0.538417482528793,-0.16113029547519,0.28439373305595,0.506847614301679,0.492942578309749,0.272168931251077,0.0399749381487657,0.0278659855883554,0.0957059031363695,7.05521202087402
"357",0.611231593525161,-0.19743598175434,0.301753387733709,0.477251784333648,0.501990551170075,0.281330825522063,0.0394434409613747,0.0262616455958059,0.106336311115317,6.4269962310791
"358",0.665511015725551,-0.219605479094739,0.341207194475764,0.497747888134228,0.463141909761122,0.274760101743866,0.0381745570581237,0.0292008691162818,0.109887440606393,8.52107095718384
"359",0.604097202018327,-0.192257406479596,0.378865402661051,0.50998434761198,0.554004022541081,0.293965177576421,0.043086092568416,0.0286332970133568,0.104205152567353,6.64298796653748
"360",0.761278656141037,-0.167608745454571,0.278825514771828,0.525546969090263,0.547076916840493,0.323873166055453,0.0434024250041813,0.0321822433240995,0.109020823408486,8.22390508651733
"361",0.678695279850992,-0.215368375372193,0.322706471633467,0.523986558198222,0.50020621614746,0.283149808249425,0.040394100252063,0.0283574495687888,0.120161088227318,8.40203404426575
"362",0.693916262068776,-0.210369851553295,0.293473994665564,0.50845801917982,0.559958668575102,0.320889474495583,0.0435863054921799,0.0311585110280199,0.0964685865791741,7.96449708938599
"363",0.527956231308434,-0.165997772239979,0.31690073898751,0.518428769148108,0.515521155109723,0.317752087357376,0.0411424409723792,0.0312006850085568,0.0887039984086933,6.70126509666443
"364",0.611205935559645,-0.20118216809313,0.32847222316776,0.511218997660774,0.443349594243501,0.303217429547573,0.0367924515906642,0.0267134817116034,0.0874478936789788,6.15470290184021
"365",0.523146590708621,-0.255496711139009,0.3130961879233,0.488541127374332,0.506416953015885,0.298963832923745,0.0398478501651801,0.0279101068357624,0.100331782187411,5.82463002204895
"366",0.632538606849836,-0.237787985067996,0.255775729022496,0.515526526284356,0.481299277255419,0.268579205141616,0.0393572145661591,0.0274436296945557,0.120131148093639,8.92200708389282
"367",0.795385895952111,-0.154104476216449,0.28973560977135,0.501139516521052,0.590133310396938,0.286867875825043,0.0451263871140124,0.0279700765931441,0.116011090685947,6.66482591629028
"368",0.515440336303831,-0.156328817085896,0.25062358759859,0.494574490709712,0.477353960015403,0.276199254677763,0.0386236059041807,0.0262365724457007,0.0959216531911725,6.00950503349304
"369",0.621456408676261,-0.274104676585608,0.331212051041834,0.471556636446575,0.478366833294434,0.328004390229534,0.0379924172018615,0.0300618484675951,0.0988736501657314,7.49329304695129
"370",0.486107346692279,-0.206286221647635,0.28860281770384,0.506826649419213,0.516846335242447,0.292577060454049,0.0408656829342529,0.0277612906469532,0.0914819778705253,5.49751091003418
"371",0.516574363007616,-0.211765003205842,0.330954622974248,0.522710221860401,0.539725815256734,0.302933921554139,0.043000663099359,0.031099413412094,0.10420562952964,6.00077486038208
"372",0.653218954563608,-0.174650295035994,0.28287548237408,0.513989032258817,0.543663098978381,0.277542651162167,0.042679363602328,0.0272170353234563,0.110026491034533,6.54173898696899
"373",0.590019914359616,-0.159420104510189,0.303281045545887,0.478048569227815,0.532708865032146,0.304380304792983,0.0408959312704119,0.0283186255774312,0.0946451508650147,6.2632749080658
"374",0.454346083929893,-0.203625900969818,0.283338122686596,0.511314955333816,0.475803486845834,0.298629294570611,0.0391306499497454,0.0287250729825131,0.0932311585758018,5.61181998252869
"375",0.567035150436582,-0.214272782721028,0.316764533200104,0.499828860201315,0.471022425630916,0.289511031108949,0.038334037210155,0.02825364202047,0.0919033886828477,5.58662390708923
"376",0.515669829283855,-0.209228455788528,0.300050058717684,0.491626933561391,0.555660331002199,0.303194945652968,0.0427105545881491,0.0287665513419706,0.0922278087018012,5.48243188858032
"377",0.69623319629387,-0.206514195920096,0.326081069411075,0.485053231475294,0.518749441816028,0.326055724819666,0.0406144209397008,0.0305371259530125,0.109247647890349,6.05595302581787
"378",0.716921933241385,-0.271358027715457,0.351583721941321,0.476724355734764,0.541199020973542,0.315818665782651,0.041885715324028,0.0315886817214789,0.111798699407891,6.86467313766479
"379",0.555410797052215,-0.206430055999254,0.34357300074407,0.509412225365808,0.504524808128104,0.27587087521713,0.0406798365896637,0.0286526307564601,0.104360883872593,7.16273999214172
"380",0.660328422753657,-0.220230165434942,0.299096707081298,0.49974414733277,0.511521823478651,0.27836222006721,0.0405601493199193,0.0275712539975956,0.108555910184058,6.74619317054749
"381",0.74381930716916,-0.188737926771726,0.265161445101881,0.472924820873429,0.496827195600286,0.338046038832528,0.0392619517553062,0.0309925414073621,0.107687205011925,7.22709608078003
"382",0.605756253592524,-0.203842480065034,0.295931840281395,0.496592162447804,0.44198972204929,0.312259908967805,0.0373068648997992,0.0307432305763774,0.105843755949019,6.20899295806885
"383",0.567390220625222,-0.26005565489582,0.359565001176162,0.488165219315546,0.529701896003045,0.307090219526997,0.0411918441595931,0.0286637832737522,0.0903535187901494,5.69758319854736
"384",0.635883132815136,-0.295949750622356,0.296479498388206,0.488983522651244,0.54222760203618,0.276155776108259,0.0418519620148703,0.0263260897377464,0.113261306185913,5.79129409790039
"385",0.668901700566035,-0.202960086474459,0.355570553150433,0.481829739331426,0.462710858273348,0.328146510874152,0.0375753192419197,0.0292717106612853,0.0967559101526844,6.08456802368164
"386",0.526248476200869,-0.170652563002407,0.275857848338835,0.505652478588957,0.498016895542701,0.317560790087891,0.0400519099734157,0.0294159070263549,0.0863889088927074,5.45123386383057
"387",0.603856495396899,-0.262985948451398,0.27848926994057,0.491879072451869,0.485673443914204,0.30346305847591,0.0390240017991028,0.0284596361195807,0.0767098422545642,5.48753905296326
"388",0.772569864877687,-0.188247158894345,0.338426154737045,0.508731651715442,0.417311624162128,0.309975224138641,0.0364621166607465,0.0303736667041096,0.108339022867633,7.81951904296875
"389",0.471496686689529,-0.216153731511696,0.324445222214847,0.501797322611787,0.480394125200599,0.316604267731978,0.0391015037733413,0.0295595419525032,0.07888206147102,4.93101811408997
"390",0.600040301628597,-0.154125579086026,0.243174255635024,0.505581474652343,0.50799513982856,0.301445291840531,0.0401468497034227,0.0293326106038086,0.10378574885908,6.19515514373779
"391",0.557098792579561,-0.197699553916866,0.291929244233778,0.48965734901388,0.50881701137216,0.334118304541851,0.0404263652671192,0.030852856318349,0.0859302212800641,5.3150680065155
"392",0.547385762748252,-0.0553245359305293,0.280879758893628,0.504324559715016,0.524053220272715,0.265439910421667,0.0414480021817624,0.0269314924681191,0.107282278589244,6.86174511909485
"393",0.775482957788917,-0.2547797217669,0.243189203278003,0.50007432985575,0.485336106185084,0.299110160774756,0.0389388129677584,0.0281080515630321,0.115043395291981,6.73073387145996
"394",0.896372123880026,-0.246822737556647,0.274283572108858,0.498382596676238,0.521440333736415,0.2907522618594,0.0406718366459012,0.027747161834848,0.112153454423189,6.52853298187256
"395",0.599927363405426,-0.267503719219344,0.338904715760409,0.50554849426038,0.465138743825422,0.298492544476963,0.0383026016011644,0.0280063121172555,0.101512661616998,6.40788698196411
"396",0.497559499927909,-0.250411400536914,0.298282849389971,0.489132923162436,0.523927771254638,0.304783512182528,0.0410437968886685,0.0286634760567297,0.100875191180891,6.1143491268158
"397",0.429907838640954,-0.201918876815952,0.266717188944531,0.520717818465255,0.46722147563817,0.31433606979625,0.0392952013253596,0.0317855937745281,0.0990240778377719,6.0020170211792
"398",0.645271050492562,-0.255781376737537,0.313341093421124,0.464311001803195,0.533892431988784,0.321453474550228,0.0411392993210775,0.0305486580737539,0.101546153727976,5.86690807342529
"399",0.570114703412336,-0.226730495888621,0.333453080984935,0.492859052376982,0.513767069425269,0.268759242622187,0.0401795660892109,0.0254453352606251,0.103719316032803,6.2238609790802
"400",0.47019885331375,-0.14925029764225,0.25495225529271,0.496416825082977,0.505212387352128,0.338486849184501,0.0403539850805007,0.0325715378298862,0.0895755205500714,5.96713900566101
"401",0.59965219290379,-0.210698604810119,0.314802363352577,0.493979071313023,0.498176918494927,0.323925623773089,0.0399923394582112,0.0308888867020181,0.100629768703834,6.67577600479126
"402",0.681789861895515,-0.185624766157376,0.309797142591622,0.517073073362793,0.526630216565859,0.287447908973315,0.0418844691640578,0.0273123673661534,0.103488709294272,6.32702207565308
"403",0.606356827798732,-0.234482751309454,0.306965603248573,0.501574928166699,0.495104727243781,0.300429499304189,0.0397332563382543,0.0297026821722031,0.0975539874593116,6.95795488357544
"404",0.571114323798338,-0.186779210190842,0.303774102949374,0.487411092916757,0.493092100791036,0.263787085893625,0.0394190555566016,0.0268371116036247,0.0946938611453161,8.16282677650452
"405",0.689418309766551,-0.205232567710527,0.330012252854577,0.524565141559528,0.482428988696178,0.288481544245902,0.0397562672473521,0.028256852152996,0.0962251325656743,6.77956414222717
"406",0.586552243709208,-0.235438534424106,0.348005896368547,0.532449340462654,0.491808765356031,0.251175652453832,0.0405202755647006,0.0276487413666418,0.10003364678131,10.5100219249725
"407",0.572438359810814,-0.241700378831175,0.27335690363224,0.51885010392943,0.45847623321814,0.303302258121334,0.0384982912932495,0.0314342989431979,0.108866141797477,8.55049896240234
"408",0.611139838953546,-0.163978123337452,0.33130710662867,0.472434622009031,0.542237686148293,0.276060032288739,0.0413166522566961,0.0269700345500364,0.118597640473414,5.6706280708313
"409",0.509757339887672,-0.144791638821673,0.282876547367082,0.51051376812976,0.459879816198436,0.313522652755159,0.0385077797199039,0.0293815338752937,0.0881289401367645,5.97780895233154
"410",0.64304702874028,-0.118798371250641,0.275846364772813,0.507501340683248,0.541247080727176,0.297938248232941,0.0422488904278425,0.0288732353202766,0.097436959269422,5.68263721466064
"411",0.630239116021922,-0.209271208084155,0.350346578716954,0.487376432514601,0.485678499249097,0.360496715448576,0.0391304438846187,0.0326126382060164,0.086523484819398,6.68421220779419
"412",0.677964470600168,-0.216149270949941,0.331475324571224,0.497949744730203,0.434208839964191,0.268043086612113,0.0361219693263588,0.0262021449639962,0.110427278963244,7.00885391235352
"413",0.643828334355994,-0.21401963583243,0.335328857842426,0.506900158567375,0.46364423603888,0.283229974084003,0.0383168006995512,0.0273835192900718,0.0956632868134477,6.21331119537354
"414",0.471618963182909,-0.291797069905052,0.334014441823893,0.480560752087857,0.527117743442114,0.301101610545182,0.0410201652224859,0.0282051942040105,0.0932234845815576,5.18052887916565
"415",0.755176826976267,-0.145517448093994,0.332826761616163,0.511746262381123,0.545653944546807,0.296760679329481,0.0426806388189543,0.0278350196077411,0.108852019518554,5.88654804229736
"416",0.513526615864681,-0.199832477795389,0.300038319801821,0.503901465488915,0.48375253779579,0.288318406100041,0.0393251938567778,0.0282707807674501,0.0999921959542899,5.90797090530396
"417",0.739596147910286,-0.184906213643513,0.344540456087012,0.505537974085812,0.489630057093145,0.304145073802162,0.0400707084636734,0.0308656265486987,0.119411329927917,6.64323401451111
"418",0.413459441065291,-0.237636319843388,0.349248644626438,0.469713586384159,0.495634572838209,0.320154855414614,0.0390495452450757,0.0299087326240397,0.0800448404214421,4.76200485229492
"419",0.579766493959951,-0.224538642979431,0.26769238067285,0.493953191051765,0.557472834252909,0.310570416281577,0.0426559408821884,0.0283005859380396,0.0926634171942323,6.21103596687317
"420",0.572167738152389,-0.248217440159002,0.277260947403435,0.49152541456356,0.435770777910422,0.278899842854893,0.036556766777528,0.0283976171409986,0.10991025814938,6.73860907554626
"421",0.668830335039099,-0.230364372003781,0.374134091749713,0.480958382127227,0.525939236380899,0.362121853353396,0.0410460252713446,0.0345507821368281,0.101537696233526,6.99169898033142
"422",0.481071070612431,-0.149603855672643,0.240830675422069,0.480213187344777,0.462625878434253,0.314230640659622,0.0377460040283164,0.0300060516798067,0.0912224954195704,5.28435301780701
"423",0.640038878944698,-0.271093027628283,0.287424522295087,0.544621356009607,0.464100472663398,0.281423098338153,0.0395884068674675,0.0285046293165348,0.103258095920843,6.80985903739929
"424",0.606803528626548,-0.22110563834792,0.329889104499408,0.492879307022802,0.521938723186835,0.295987265097798,0.0409807585385227,0.0288612578799437,0.0901295016218231,5.99218201637268
"425",0.614191653345347,-0.136026940424975,0.316277715316816,0.498003614577298,0.556848802093306,0.265139856560815,0.0429257740108385,0.0269549411361672,0.115293424540613,5.79702496528625
"426",0.579837316839305,-0.28316759864429,0.354275884940595,0.48700966139174,0.479781145937192,0.324898455289551,0.0385512797903647,0.030652756327451,0.0928696255783803,6.07542395591736
"427",0.539769921804744,-0.278836007824079,0.334825358277693,0.504913170166998,0.457754793261696,0.28200472469429,0.0381730501780816,0.0283108226871097,0.0953113814713256,5.64216899871826
"428",0.680541888574238,-0.203249929831209,0.267289194949162,0.50491274759672,0.542452794463481,0.325545442473529,0.0425053870511671,0.0309833895757965,0.114350416055421,6.48472499847412
"429",0.604788240650246,-0.203747241465586,0.318591253034197,0.497539866187292,0.476580251113088,0.306042729087431,0.0382926870178196,0.0282788706594675,0.096322505209628,5.66855096817017
"430",0.443798263464064,-0.221484049074645,0.364763573870171,0.489715917752495,0.524880561919466,0.308111122504018,0.0407824983529967,0.0287194836276724,0.0857747660820061,6.07109594345093
"431",0.596434283031406,-0.144734906389947,0.254138312176672,0.506274642067725,0.485474946124492,0.322493594439666,0.0394213883212274,0.0303085941345284,0.0976645818979348,5.49239110946655
"432",0.486902818675976,-0.176414064413138,0.299099618281107,0.505067220018973,0.520811523241685,0.269921168709111,0.0412826653262532,0.0264304350802111,0.097030250270543,5.97551393508911
"433",0.750263876387714,-0.16796592646258,0.271484835024622,0.489440523172484,0.471218629886347,0.303040782374701,0.0377717720373274,0.0280998953868029,0.116596980921621,7.29389500617981
"434",0.704845409176955,-0.147049231777711,0.280717896407986,0.514579989188191,0.398648607587175,0.289813783319703,0.0353911462212147,0.0284222507786072,0.116537150299044,6.00780391693115
"435",0.586402351455314,-0.203859448086065,0.333228748305581,0.502237265664844,0.403123445021753,0.291837786208499,0.0354876817595189,0.0299916582074114,0.105832460488986,7.39300298690796
"436",0.619763054181842,-0.152308243278736,0.263648488055817,0.482815344744228,0.478592826029833,0.289998486386499,0.0386125492571481,0.0282908289804882,0.0982180528290939,6.38075995445251
"437",0.655531044954716,-0.260730636993593,0.26466071866098,0.487042801004548,0.529446424357571,0.285116706109695,0.0410526911465557,0.0278246023907593,0.105126483945274,5.87636995315552
"438",0.786575722951288,-0.23522935411937,0.305860438413913,0.496437530015386,0.517670008221512,0.316707492771245,0.0405312861521067,0.0294296412108803,0.119674967360426,7.04719996452332
"439",0.768301458063752,-0.202705782661884,0.287329546965801,0.503272419436546,0.513548316062406,0.323807165594948,0.0409384769841809,0.0310079178987425,0.113270088531573,6.17860698699951
"440",0.61651955596907,-0.193449014045742,0.312320418787045,0.492650178693951,0.508597608105783,0.326130580183685,0.0401144357251584,0.0299784657153814,0.100458311441658,6.34226989746094
"441",0.64069600631286,-0.198176095305913,0.30516872505301,0.494950614576775,0.478801824124849,0.314640131027285,0.0386950490517161,0.0292808425089205,0.0953769197233926,6.42597413063049
"442",0.516198300605398,-0.172226894590004,0.296565544047261,0.47676633662554,0.536058503835012,0.307286210708642,0.0413927719342631,0.0297945275483992,0.095474308522052,5.97947001457214
"443",0.731801271529289,-0.170915983233308,0.322276401715063,0.469560429870095,0.535693845877833,0.312159911591318,0.0409767891745978,0.0290658199353572,0.106391582064304,8.16314315795898
"444",0.511347788866374,-0.237110490459899,0.300445266253917,0.491843770814655,0.509828570219908,0.295604209339107,0.0402664040725509,0.0289773978865077,0.102996665534103,6.38070511817932
"445",0.612308704863978,-0.223377654376405,0.280998001659589,0.495741742235137,0.552247962187422,0.28018539596962,0.0427349396168514,0.0291101452923001,0.113811384600842,7.38015294075012
"446",0.586337881490644,-0.188604518772986,0.287660750461924,0.502343337252281,0.497224056707239,0.309176185260677,0.0398672016339472,0.0304492728218019,0.0934755354704758,6.75325393676758
"447",0.493856455086319,-0.187119491207354,0.296101252219063,0.493091591261087,0.517483731238932,0.330947578111023,0.040825737068093,0.0323013157621417,0.0944412055927532,6.47528600692749
"448",0.535635249041141,-0.2457275196717,0.285730007441589,0.514688901527287,0.545356386218011,0.285068105640268,0.0429200148537687,0.0287089107994328,0.0948106955499748,7.16270899772644
"449",0.399943760117813,-0.173809907433551,0.258295942379083,0.498779204852496,0.460988075178801,0.25635014851318,0.0379724870806135,0.025791908739314,0.107680780848811,6.33011078834534
"450",0.394722289246107,-0.170728876909986,0.283181441851043,0.499781229171277,0.434551058461591,0.334781512088137,0.0370612206376539,0.0315886012141354,0.0968167410166141,5.38370203971863
"451",0.492320266627832,-0.19899957312696,0.26382544559751,0.521259209094913,0.402707295768629,0.25826710669795,0.0356252285112607,0.0269227803260966,0.101911263136023,6.13202404975891
"452",0.385115877625307,-0.160972606392526,0.299141608933733,0.521004999362603,0.499893507340836,0.318455517313931,0.0405509604629088,0.0306895318665162,0.0845131562442576,5.91402387619019
"453",0.772753216433013,-0.19715049140473,0.338385977556293,0.479530773407954,0.519424800672823,0.324202328254466,0.0404380066183247,0.0303000198826702,0.115589264434895,8.10886001586914
"454",0.774056519199553,-0.188816017374599,0.297558249436003,0.497692386776489,0.512047430515774,0.308693434770841,0.0403279196147548,0.0282003297661071,0.102759788182758,6.21272015571594
"455",0.590931544842582,-0.145090112506545,0.324168285119159,0.508735715590283,0.516468061512997,0.274322075198784,0.0413546076800272,0.0283658067415745,0.104611794602636,6.93690991401672
"456",0.553130214987051,-0.208526717013302,0.255653066027433,0.508791639207054,0.492618556031074,0.269647065342323,0.0396390991075508,0.025932720936728,0.102082918658093,5.77240300178528
"457",0.502906364656586,-0.186156233102896,0.328445302184034,0.496617525856569,0.524573302526625,0.331839304352351,0.0415852689971839,0.0317428265416084,0.0896174273032521,5.71976113319397
"458",0.684217024449437,-0.219646586632268,0.293193159878987,0.492554526756468,0.487443490517354,0.262926382779023,0.0389046224410829,0.0249126337364491,0.102449775497681,6.33777093887329
"459",0.675767760070036,-0.189238298069622,0.305386178903095,0.4877718877255,0.536401545441406,0.342177429845955,0.0415952513234693,0.0312291834613121,0.0880794164726109,6.18662619590759
"460",0.575989029836687,-0.156455049104117,0.297114605928804,0.50345752075102,0.458971312584978,0.294181680034644,0.0379236020302055,0.0292293097084001,0.0999910029681795,6.03346800804138
"461",0.553751012472077,-0.178600042334895,0.29018874327878,0.508467571690548,0.473564575817337,0.326206200669325,0.0389069971159629,0.0296931640061149,0.0976361075386182,5.47778797149658
"462",0.492020321494991,-0.16818406676187,0.275484102814873,0.515360029970626,0.486091879396099,0.275308382626896,0.0397820174253033,0.0274586022109949,0.0966067540979331,5.58095288276672
"463",0.480292967622455,-0.162216292125279,0.282014388931545,0.493475268052234,0.501941443410191,0.310652817304485,0.0399354229347496,0.0290269850065166,0.0781189763690119,5.32659983634949
"464",0.641486052198208,-0.214125910274964,0.289939261878924,0.491453590153362,0.526975176379642,0.29564414541972,0.0411157206737601,0.028602731163206,0.103687944658246,6.42890691757202
"465",0.690212282913839,-0.231270917621746,0.308399597653065,0.509533402236814,0.48187444700533,0.318278828817672,0.0392678085963032,0.0308796879688745,0.0978164127454483,6.16064310073853
"466",0.498095003730051,-0.213231397547244,0.262499027257585,0.518767557062032,0.485937644617994,0.325263944227183,0.0397676796847403,0.0312920918543198,0.0864265837187174,5.51283097267151
"467",0.597443266826578,-0.258023564985562,0.291421312088514,0.528982362832045,0.495568004626114,0.245404830250372,0.0405908202078129,0.0260719788519719,0.103657023447459,6.19655108451843
"468",0.595823703962764,-0.225004209470251,0.33669335851399,0.507279046872641,0.53338132884927,0.29950488023845,0.0420089104022633,0.0292744161118845,0.104110692309709,6.68098092079163
"469",0.617290997914706,-0.264351704877418,0.293897353318124,0.51676930737338,0.498077868227354,0.261236999297704,0.0402200589076637,0.0260848276027986,0.113206746855535,6.14465308189392
"470",0.749207984230365,-0.228946035991491,0.338677265091091,0.515821252460056,0.487095952059589,0.321709931595008,0.039797469741327,0.0321424619943237,0.11603111478076,7.45534586906433
"471",0.59370504163112,-0.177115947976815,0.257178216540758,0.491029261417568,0.565939869227658,0.307387548903308,0.043023939940044,0.0278469584426658,0.105577026443149,6.34177017211914
"472",0.769514025029235,-0.1925326745206,0.327444001155719,0.509383280851848,0.564923633839724,0.250577034878863,0.043737904036191,0.0265481078984469,0.131196525081472,6.71612095832825
"473",0.620572732401329,-0.216420371605623,0.302451783984508,0.50588382809191,0.556686098406511,0.256468603754735,0.0427615948005598,0.025116633092709,0.114178568165014,6.60162901878357
"474",0.630090257520967,-0.255710523596597,0.30303223948223,0.517449205602665,0.462966790045699,0.264925545823499,0.0386833970185298,0.0263644963592719,0.103824770118332,6.10564994812012
"475",0.705347383091094,-0.241155289403086,0.347766011455034,0.497653876471951,0.515511903740989,0.301598909296393,0.0408621146429951,0.0289492678851535,0.0952260979665546,6.76123905181885
"476",0.556480187915096,-0.173495673100867,0.261054000638473,0.509956790100943,0.467728805343595,0.297863944405758,0.0386858630644312,0.0277245190820984,0.10733829566982,5.26719307899475
"477",0.618240356858086,-0.190443168353958,0.278846955555774,0.488698728160733,0.515593025073377,0.307771809046316,0.0406359053215573,0.0303743456573818,0.10701966156917,6.7510039806366
"478",0.584421142462979,-0.227989979506986,0.280203746084066,0.518766482859979,0.52182716279377,0.294778053959213,0.0417870461519296,0.0291392119677315,0.112983945859657,5.92150497436523
"479",0.482335838859907,-0.198417506342515,0.303284175548843,0.516350107220377,0.500648971870406,0.250898938875414,0.0406080158094577,0.0268085107903777,0.10614302032516,6.27727794647217
"480",0.628749188058171,-0.162620822226855,0.251524814084843,0.521696241315418,0.531569062654172,0.188391198716326,0.0419189975607101,0.022052840787294,0.134556768282884,6.44097018241882
"481",0.766575277456819,-0.104800983277951,0.288080918962009,0.504466358955552,0.459385407105936,0.287512898410664,0.0380134728069126,0.0278737067465533,0.0970264021700165,7.04927110671997
"482",0.500974919128268,-0.198567367840062,0.271955205795917,0.478473236741214,0.50588578727473,0.297113320870137,0.0397938560023312,0.0288700079537677,0.0876231178313228,5.41304397583008
"483",0.522255531449773,-0.225829283597397,0.315522516029744,0.480874675091249,0.515397414513688,0.296051591219241,0.0403886863146885,0.0276044676286442,0.0979835535639717,5.26221895217896
"484",0.516109701076207,-0.214460269696429,0.344652276772406,0.512382423505243,0.488963107953232,0.344987947034298,0.039732953434781,0.0307114719547688,0.084874845720297,5.40044379234314
"485",0.781912950901363,-0.187030521394842,0.316816477520943,0.499441428980174,0.56462369477832,0.298136539664321,0.0434613984555804,0.0292492340190632,0.106450081701457,6.97750997543335
"486",0.601665488734244,-0.158347237584348,0.281943770057649,0.503046234514104,0.501419440262185,0.318459125594206,0.0399006645848565,0.0304696370950469,0.0928168066493505,6.08053421974182
"487",0.695988413538758,-0.195446110583816,0.296132007419606,0.501652577492501,0.487725091706541,0.252427133305779,0.0395464051692807,0.026837735523594,0.113576023479038,6.95008707046509
"488",0.530376100457558,-0.176780937083527,0.28536718400042,0.500578380758252,0.545837532462984,0.317364873651278,0.0423002854195138,0.0301691645216751,0.0886707464440563,5.78057718276978
"489",0.621929294227071,-0.228049775478819,0.323458517751581,0.50926337288099,0.499112225137929,0.297621442261744,0.0401407172230237,0.0282428668963794,0.109602209062202,6.9295539855957
"490",0.797604281898999,-0.210096009308485,0.271896672102962,0.509035749603943,0.544825356785627,0.271080476933927,0.0424369345343967,0.025129059934845,0.122666157505381,6.22006797790527
"491",0.645522170018095,-0.180428007095459,0.296318829667596,0.503684929474137,0.464096476769355,0.28292582589248,0.0383660247802848,0.0278969517320863,0.0984939777145926,6.68183398246765
"492",0.746950809395882,-0.232007928364575,0.351403599563367,0.502319791995051,0.53927485858197,0.298629455757032,0.0424726885926755,0.0301845293102648,0.106778155162984,6.57674813270569
"493",0.610262097370186,-0.143994181653168,0.268304602634809,0.518756668570461,0.481370987397524,0.268637811470977,0.0398177587334235,0.0277253765098938,0.102628044397849,7.037024974823
"494",0.673178809285596,-0.20882624461578,0.331311650401248,0.500331932251815,0.470070384203516,0.301168983049751,0.0381066084560108,0.0283115020391676,0.095660984528902,6.57392883300781
"495",0.54908981784878,-0.223548888337682,0.316268049179814,0.491702711628772,0.463137118987529,0.310102449635652,0.0377451270133928,0.0287713228115969,0.105722667097132,6.14191293716431
"496",0.625227921953115,-0.187089514333678,0.315268287733387,0.487932762830851,0.50571920159457,0.30356999858676,0.040262476860756,0.0305952934501483,0.108565339874685,6.8625340461731
"497",0.327432943139334,-0.246180816043173,0.276170549699974,0.484127508061623,0.55267451845656,0.297629528420206,0.0422894218077222,0.0280773422196028,0.0811409431143777,4.87084102630615
"498",0.580874019197694,-0.246553990692534,0.27828913247898,0.496121559061029,0.533734933619174,0.276390509318722,0.0414850225976847,0.0271998954444903,0.101696191594128,6.626708984375
"499",0.646889225064023,-0.176554367821778,0.307119889106051,0.487395906788927,0.583648621780872,0.306720637793324,0.0438486461472809,0.028246089857311,0.096689025001982,6.23776316642761
"500",0.509726593189706,-0.266466306292972,0.282253657367635,0.499799705314514,0.481954334379154,0.292995981741772,0.0392336292960779,0.0277704263451939,0.0851341200277232,4.98273587226868
